RANKING_DATE,RANKING_YEAR,EMPLOYEE_CODE,RANKING_CODE
2017-03-31 00:00:00.0,2016,10171,5
2017-03-31 00:00:00.0,2016,10172,1
2017-03-31 00:00:00.0,2016,10177,3
2017-03-31 00:00:00.0,2016,10178,3
2017-03-31 00:00:00.0,2016,10179,3
2017-03-31 00:00:00.0,2016,10180,2
2017-03-31 00:00:00.0,2016,10181,3
2017-03-31 00:00:00.0,2016,10182,3
2017-03-31 00:00:00.0,2016,10183,2
2017-03-31 00:00:00.0,2016,10185,4
2017-03-31 00:00:00.0,2016,10198,3
2017-03-31 00:00:00.0,2016,10199,2
2017-03-31 00:00:00.0,2016,10200,2
2017-03-31 00:00:00.0,2016,10201,3
2017-03-31 00:00:00.0,2016,10202,2
2017-03-31 00:00:00.0,2016,10206,1
2017-03-31 00:00:00.0,2016,10207,3
2017-03-31 00:00:00.0,2016,10208,2
2017-03-31 00:00:00.0,2016,10209,3
2017-03-31 00:00:00.0,2016,10210,2
2017-03-31 00:00:00.0,2016,10216,4
2017-03-31 00:00:00.0,2016,10221,3
2017-03-31 00:00:00.0,2016,10222,1
2018-03-31 00:00:00.0,2017,10241,3
2018-03-31 00:00:00.0,2017,10242,3
2018-03-31 00:00:00.0,2017,10243,3
2018-03-31 00:00:00.0,2017,10245,4
2018-03-31 00:00:00.0,2017,10246,3
2018-03-31 00:00:00.0,2017,10249,2
2018-03-31 00:00:00.0,2017,10251,4
2018-03-31 00:00:00.0,2017,10252,3
2018-03-31 00:00:00.0,2017,10253,3
2018-03-31 00:00:00.0,2017,10254,3
2018-03-31 00:00:00.0,2017,10255,2
2018-03-31 00:00:00.0,2017,10256,2
2018-03-31 00:00:00.0,2017,10259,2
2018-03-31 00:00:00.0,2017,10265,2
2018-03-31 00:00:00.0,2017,10267,3
2018-03-31 00:00:00.0,2017,10271,2
2018-03-31 00:00:00.0,2017,10272,1
2018-03-31 00:00:00.0,2017,10278,3
2018-03-31 00:00:00.0,2017,10281,4
2018-03-31 00:00:00.0,2017,10288,2
2018-03-31 00:00:00.0,2017,10293,2
2018-03-31 00:00:00.0,2017,10295,3
2018-03-31 00:00:00.0,2017,10296,2
2020-03-31 00:00:00.0,2019,10430,4
2020-03-31 00:00:00.0,2019,10431,3
2020-03-31 00:00:00.0,2019,10434,4
2020-03-31 00:00:00.0,2019,10435,3
2020-03-31 00:00:00.0,2019,10436,3
2020-03-31 00:00:00.0,2019,10437,3
2020-03-31 00:00:00.0,2019,10438,3
2020-03-31 00:00:00.0,2019,10439,2
2020-03-31 00:00:00.0,2019,10440,2
2020-03-31 00:00:00.0,2019,10441,3
2020-03-31 00:00:00.0,2019,10442,1
2020-03-31 00:00:00.0,2019,10445,3
2020-03-31 00:00:00.0,2019,10447,5
2020-03-31 00:00:00.0,2019,10448,3
2020-03-31 00:00:00.0,2019,10449,2
2020-03-31 00:00:00.0,2019,10450,4
2020-03-31 00:00:00.0,2019,10451,2
2020-03-31 00:00:00.0,2019,10452,2
2020-03-31 00:00:00.0,2019,10453,3
2020-03-31 00:00:00.0,2019,10456,3
2020-03-31 00:00:00.0,2019,10457,3
2020-03-31 00:00:00.0,2019,10458,4
2020-03-31 00:00:00.0,2019,10460,2
2018-03-31 00:00:00.0,2017,10660,4
2018-03-31 00:00:00.0,2017,10671,3
2018-03-31 00:00:00.0,2017,10672,2
2018-03-31 00:00:00.0,2017,10675,3
2018-03-31 00:00:00.0,2017,10676,2
2018-03-31 00:00:00.0,2017,10677,2
2018-03-31 00:00:00.0,2017,10678,3
2018-03-31 00:00:00.0,2017,10679,3
2018-03-31 00:00:00.0,2017,10680,3
2018-03-31 00:00:00.0,2017,10681,3
2018-03-31 00:00:00.0,2017,10683,3
2018-03-31 00:00:00.0,2017,10684,2
2018-03-31 00:00:00.0,2017,10686,3
2018-03-31 00:00:00.0,2017,10688,4
2018-03-31 00:00:00.0,2017,10689,3
2018-03-31 00:00:00.0,2017,10690,4
2018-03-31 00:00:00.0,2017,10692,3
2018-03-31 00:00:00.0,2017,10694,2
2018-03-31 00:00:00.0,2017,10695,3
2018-03-31 00:00:00.0,2017,10696,4
2018-03-31 00:00:00.0,2017,10700,2
2018-03-31 00:00:00.0,2017,10701,3
2018-03-31 00:00:00.0,2017,10702,4
2017-03-31 00:00:00.0,2016,10789,3
2017-03-31 00:00:00.0,2016,10791,3
2017-03-31 00:00:00.0,2016,10792,2
2017-03-31 00:00:00.0,2016,10796,3
2017-03-31 00:00:00.0,2016,10798,4
2017-03-31 00:00:00.0,2016,10799,2
2018-03-31 00:00:00.0,2017,10004,2
2018-03-31 00:00:00.0,2017,10005,2
2018-03-31 00:00:00.0,2017,10007,4
2018-03-31 00:00:00.0,2017,10013,2
2018-03-31 00:00:00.0,2017,10014,4
2018-03-31 00:00:00.0,2017,10016,2
2018-03-31 00:00:00.0,2017,10018,3
2018-03-31 00:00:00.0,2017,10020,2
2018-03-31 00:00:00.0,2017,10021,3
2018-03-31 00:00:00.0,2017,10022,4
2018-03-31 00:00:00.0,2017,10023,3
2018-03-31 00:00:00.0,2017,10025,4
2018-03-31 00:00:00.0,2017,10027,2
2018-03-31 00:00:00.0,2017,10029,3
2018-03-31 00:00:00.0,2017,10030,4
2018-03-31 00:00:00.0,2017,10043,4
2018-03-31 00:00:00.0,2017,10044,3
2019-03-31 00:00:00.0,2018,10538,2
2019-03-31 00:00:00.0,2018,10539,3
2019-03-31 00:00:00.0,2018,10540,2
2019-03-31 00:00:00.0,2018,10541,4
2019-03-31 00:00:00.0,2018,10542,3
2019-03-31 00:00:00.0,2018,10544,3
2019-03-31 00:00:00.0,2018,10545,3
2019-03-31 00:00:00.0,2018,10546,4
2019-03-31 00:00:00.0,2018,10547,3
2019-03-31 00:00:00.0,2018,10549,3
2019-03-31 00:00:00.0,2018,10551,3
2019-03-31 00:00:00.0,2018,10552,2
2019-03-31 00:00:00.0,2018,10553,3
2019-03-31 00:00:00.0,2018,10554,4
2019-03-31 00:00:00.0,2018,10556,2
2019-03-31 00:00:00.0,2018,10559,1
2019-03-31 00:00:00.0,2018,10560,2
2019-03-31 00:00:00.0,2018,10561,4
2019-03-31 00:00:00.0,2018,10562,4
2019-03-31 00:00:00.0,2018,10563,4
2019-03-31 00:00:00.0,2018,10564,3
2019-03-31 00:00:00.0,2018,10565,3
2019-03-31 00:00:00.0,2018,10568,3
2020-03-31 00:00:00.0,2019,10053,2
2020-03-31 00:00:00.0,2019,10054,2
2020-03-31 00:00:00.0,2019,10055,4
2020-03-31 00:00:00.0,2019,10233,2
2020-03-31 00:00:00.0,2019,10234,3
2020-03-31 00:00:00.0,2019,10235,3
2020-03-31 00:00:00.0,2019,10236,3
2020-03-31 00:00:00.0,2019,10237,3
2020-03-31 00:00:00.0,2019,10238,3
2020-03-31 00:00:00.0,2019,10240,3
2020-03-31 00:00:00.0,2019,10241,3
2020-03-31 00:00:00.0,2019,10242,3
2020-03-31 00:00:00.0,2019,10243,3
2020-03-31 00:00:00.0,2019,10245,3
2020-03-31 00:00:00.0,2019,10246,3
2020-03-31 00:00:00.0,2019,10247,3
2020-03-31 00:00:00.0,2019,10249,3
2020-03-31 00:00:00.0,2019,10250,2
2020-03-31 00:00:00.0,2019,10251,4
2020-03-31 00:00:00.0,2019,10252,3
2020-03-31 00:00:00.0,2019,10253,3
2020-03-31 00:00:00.0,2019,10254,4
2020-03-31 00:00:00.0,2019,10287,4
2020-03-31 00:00:00.0,2019,10288,2
2020-03-31 00:00:00.0,2019,10293,1
2020-03-31 00:00:00.0,2019,10294,4
2020-03-31 00:00:00.0,2019,10295,3
2020-03-31 00:00:00.0,2019,10296,2
2020-03-31 00:00:00.0,2019,10297,3
2020-03-31 00:00:00.0,2019,10300,2
2020-03-31 00:00:00.0,2019,10301,3
2020-03-31 00:00:00.0,2019,10302,4
2020-03-31 00:00:00.0,2019,10303,3
2020-03-31 00:00:00.0,2019,10304,3
2020-03-31 00:00:00.0,2019,10305,4
2020-03-31 00:00:00.0,2019,10306,2
2020-03-31 00:00:00.0,2019,10307,3
2020-03-31 00:00:00.0,2019,10309,3
2020-03-31 00:00:00.0,2019,10310,4
2020-03-31 00:00:00.0,2019,10311,4
2020-03-31 00:00:00.0,2019,10312,2
2020-03-31 00:00:00.0,2019,10313,1
2020-03-31 00:00:00.0,2019,10316,4
2020-03-31 00:00:00.0,2019,10317,3
2020-03-31 00:00:00.0,2019,10318,4
2020-03-31 00:00:00.0,2019,10348,3
2020-03-31 00:00:00.0,2019,10349,3
2020-03-31 00:00:00.0,2019,10350,4
2020-03-31 00:00:00.0,2019,10351,3
2020-03-31 00:00:00.0,2019,10352,2
2020-03-31 00:00:00.0,2019,10354,3
2020-03-31 00:00:00.0,2019,10355,2
2020-03-31 00:00:00.0,2019,10356,3
2020-03-31 00:00:00.0,2019,10357,3
2020-03-31 00:00:00.0,2019,10358,3
2020-03-31 00:00:00.0,2019,10359,3
2020-03-31 00:00:00.0,2019,10360,2
2020-03-31 00:00:00.0,2019,10361,3
2020-03-31 00:00:00.0,2019,10362,4
2020-03-31 00:00:00.0,2019,10363,4
2020-03-31 00:00:00.0,2019,10369,5
2020-03-31 00:00:00.0,2019,10370,4
2020-03-31 00:00:00.0,2019,10371,3
2020-03-31 00:00:00.0,2019,10372,3
2020-03-31 00:00:00.0,2019,10373,4
2020-03-31 00:00:00.0,2019,10374,4
2020-03-31 00:00:00.0,2019,10375,4
2020-03-31 00:00:00.0,2019,10376,3
2020-03-31 00:00:00.0,2019,10534,4
2020-03-31 00:00:00.0,2019,10535,4
2020-03-31 00:00:00.0,2019,10536,2
2020-03-31 00:00:00.0,2019,10538,2
2020-03-31 00:00:00.0,2019,10539,3
2020-03-31 00:00:00.0,2019,10540,2
2020-03-31 00:00:00.0,2019,10541,3
2020-03-31 00:00:00.0,2019,10542,3
2020-03-31 00:00:00.0,2019,10544,3
2020-03-31 00:00:00.0,2019,10545,4
2020-03-31 00:00:00.0,2019,10546,4
2020-03-31 00:00:00.0,2019,10547,3
2020-03-31 00:00:00.0,2019,10549,3
2020-03-31 00:00:00.0,2019,10551,4
2020-03-31 00:00:00.0,2019,10552,3
2020-03-31 00:00:00.0,2019,10553,3
2020-03-31 00:00:00.0,2019,10554,4
2020-03-31 00:00:00.0,2019,10556,3
2020-03-31 00:00:00.0,2019,10558,2
2020-03-31 00:00:00.0,2019,10559,1
2020-03-31 00:00:00.0,2019,10560,2
2020-03-31 00:00:00.0,2019,10561,3
2020-03-31 00:00:00.0,2019,10562,4
2017-03-31 00:00:00.0,2016,10401,3
2017-03-31 00:00:00.0,2016,10402,3
2017-03-31 00:00:00.0,2016,10403,2
2017-03-31 00:00:00.0,2016,10404,2
2017-03-31 00:00:00.0,2016,10405,2
2017-03-31 00:00:00.0,2016,10406,2
2017-03-31 00:00:00.0,2016,10414,2
2017-03-31 00:00:00.0,2016,10416,4
2017-03-31 00:00:00.0,2016,10419,3
2017-03-31 00:00:00.0,2016,10420,2
2017-03-31 00:00:00.0,2016,10421,3
2017-03-31 00:00:00.0,2016,10423,3
2017-03-31 00:00:00.0,2016,10427,3
2017-03-31 00:00:00.0,2016,10430,4
2017-03-31 00:00:00.0,2016,10431,2
2017-03-31 00:00:00.0,2016,10435,2
2017-03-31 00:00:00.0,2016,10436,4
2017-03-31 00:00:00.0,2016,10437,3
2017-03-31 00:00:00.0,2016,10438,4
2017-03-31 00:00:00.0,2016,10439,3
2017-03-31 00:00:00.0,2016,10445,3
2017-03-31 00:00:00.0,2016,10447,3
2017-03-31 00:00:00.0,2016,10448,4
2017-03-31 00:00:00.0,2016,10741,3
2017-03-31 00:00:00.0,2016,10743,3
2017-03-31 00:00:00.0,2016,10745,3
2017-03-31 00:00:00.0,2016,10747,3
2017-03-31 00:00:00.0,2016,10748,3
2017-03-31 00:00:00.0,2016,10754,3
2017-03-31 00:00:00.0,2016,10755,3
2017-03-31 00:00:00.0,2016,10757,3
2017-03-31 00:00:00.0,2016,10758,1
2017-03-31 00:00:00.0,2016,10759,3
2017-03-31 00:00:00.0,2016,10760,1
2017-03-31 00:00:00.0,2016,10761,3
2017-03-31 00:00:00.0,2016,10764,2
2017-03-31 00:00:00.0,2016,10765,2
2017-03-31 00:00:00.0,2016,10766,4
2017-03-31 00:00:00.0,2016,10768,1
2017-03-31 00:00:00.0,2016,10778,2
2017-03-31 00:00:00.0,2016,10779,3
2017-03-31 00:00:00.0,2016,10783,4
2017-03-31 00:00:00.0,2016,10785,3
2017-03-31 00:00:00.0,2016,10786,3
2017-03-31 00:00:00.0,2016,10787,3
2017-03-31 00:00:00.0,2016,10788,1
2018-03-31 00:00:00.0,2017,10202,3
2018-03-31 00:00:00.0,2017,10203,1
2018-03-31 00:00:00.0,2017,10206,2
2018-03-31 00:00:00.0,2017,10207,4
2018-03-31 00:00:00.0,2017,10208,3
2018-03-31 00:00:00.0,2017,10209,3
2018-03-31 00:00:00.0,2017,10210,2
2018-03-31 00:00:00.0,2017,10214,4
2018-03-31 00:00:00.0,2017,10215,2
2018-03-31 00:00:00.0,2017,10216,3
2018-03-31 00:00:00.0,2017,10217,5
2018-03-31 00:00:00.0,2017,10221,4
2018-03-31 00:00:00.0,2017,10222,2
2018-03-31 00:00:00.0,2017,10223,1
2018-03-31 00:00:00.0,2017,10224,4
2018-03-31 00:00:00.0,2017,10227,3
2018-03-31 00:00:00.0,2017,10228,2
2018-03-31 00:00:00.0,2017,10229,3
2018-03-31 00:00:00.0,2017,10234,4
2018-03-31 00:00:00.0,2017,10235,3
2018-03-31 00:00:00.0,2017,10236,4
2018-03-31 00:00:00.0,2017,10237,3
2018-03-31 00:00:00.0,2017,10240,3
2018-03-31 00:00:00.0,2017,10461,4
2018-03-31 00:00:00.0,2017,10463,3
2018-03-31 00:00:00.0,2017,10467,4
2018-03-31 00:00:00.0,2017,10468,3
2018-03-31 00:00:00.0,2017,10469,3
2018-03-31 00:00:00.0,2017,10470,3
2018-03-31 00:00:00.0,2017,10472,3
2018-03-31 00:00:00.0,2017,10473,3
2018-03-31 00:00:00.0,2017,10475,4
2018-03-31 00:00:00.0,2017,10476,2
2018-03-31 00:00:00.0,2017,10477,3
2018-03-31 00:00:00.0,2017,10480,2
2018-03-31 00:00:00.0,2017,10481,3
2018-03-31 00:00:00.0,2017,10482,4
2018-03-31 00:00:00.0,2017,10486,2
2018-03-31 00:00:00.0,2017,10487,2
2018-03-31 00:00:00.0,2017,10488,4
2018-03-31 00:00:00.0,2017,10490,4
2020-03-31 00:00:00.0,2019,10423,4
2020-03-31 00:00:00.0,2019,10426,4
2020-03-31 00:00:00.0,2019,10427,5
2020-03-31 00:00:00.0,2019,10428,2
2020-03-31 00:00:00.0,2019,10429,3
2018-03-31 00:00:00.0,2017,10621,3
2018-03-31 00:00:00.0,2017,10622,5
2018-03-31 00:00:00.0,2017,10623,2
2018-03-31 00:00:00.0,2017,10625,4
2018-03-31 00:00:00.0,2017,10626,2
2018-03-31 00:00:00.0,2017,10629,3
2018-03-31 00:00:00.0,2017,10632,3
2018-03-31 00:00:00.0,2017,10633,2
2018-03-31 00:00:00.0,2017,10638,2
2018-03-31 00:00:00.0,2017,10639,3
2018-03-31 00:00:00.0,2017,10640,2
2018-03-31 00:00:00.0,2017,10641,3
2018-03-31 00:00:00.0,2017,10642,2
2018-03-31 00:00:00.0,2017,10646,3
2018-03-31 00:00:00.0,2017,10647,3
2018-03-31 00:00:00.0,2017,10648,1
2018-03-31 00:00:00.0,2017,10649,4
2018-03-31 00:00:00.0,2017,10650,2
2018-03-31 00:00:00.0,2017,10651,5
2018-03-31 00:00:00.0,2017,10652,3
2018-03-31 00:00:00.0,2017,10653,3
2018-03-31 00:00:00.0,2017,10654,4
2018-03-31 00:00:00.0,2017,10659,4
2020-03-31 00:00:00.0,2019,10591,1
2020-03-31 00:00:00.0,2019,10592,3
2020-03-31 00:00:00.0,2019,10593,3
2020-03-31 00:00:00.0,2019,10594,4
2020-03-31 00:00:00.0,2019,10595,2
2020-03-31 00:00:00.0,2019,10597,3
2020-03-31 00:00:00.0,2019,10598,4
2020-03-31 00:00:00.0,2019,10599,3
2020-03-31 00:00:00.0,2019,10600,2
2020-03-31 00:00:00.0,2019,10601,3
2020-03-31 00:00:00.0,2019,10602,3
2020-03-31 00:00:00.0,2019,10603,3
2020-03-31 00:00:00.0,2019,10605,4
2020-03-31 00:00:00.0,2019,10607,4
2020-03-31 00:00:00.0,2019,10609,2
2020-03-31 00:00:00.0,2019,10610,2
2020-03-31 00:00:00.0,2019,10611,3
2020-03-31 00:00:00.0,2019,10612,3
2020-03-31 00:00:00.0,2019,10613,1
2020-03-31 00:00:00.0,2019,10614,4
2020-03-31 00:00:00.0,2019,10616,3
2020-03-31 00:00:00.0,2019,10618,3
2020-03-31 00:00:00.0,2019,10620,2
2017-03-31 00:00:00.0,2016,10363,3
2017-03-31 00:00:00.0,2016,10370,4
2017-03-31 00:00:00.0,2016,10371,3
2017-03-31 00:00:00.0,2016,10372,2
2017-03-31 00:00:00.0,2016,10373,2
2017-03-31 00:00:00.0,2016,10375,3
2017-03-31 00:00:00.0,2016,10376,1
2017-03-31 00:00:00.0,2016,10377,3
2017-03-31 00:00:00.0,2016,10378,2
2017-03-31 00:00:00.0,2016,10379,3
2017-03-31 00:00:00.0,2016,10383,2
2017-03-31 00:00:00.0,2016,10385,2
2017-03-31 00:00:00.0,2016,10386,2
2017-03-31 00:00:00.0,2016,10388,2
2017-03-31 00:00:00.0,2016,10389,2
2017-03-31 00:00:00.0,2016,10390,4
2017-03-31 00:00:00.0,2016,10391,3
2017-03-31 00:00:00.0,2016,10392,2
2017-03-31 00:00:00.0,2016,10394,2
2017-03-31 00:00:00.0,2016,10397,3
2017-03-31 00:00:00.0,2016,10398,3
2017-03-31 00:00:00.0,2016,10399,2
2017-03-31 00:00:00.0,2016,10400,2
2017-03-31 00:00:00.0,2016,10670,3
2017-03-31 00:00:00.0,2016,10671,3
2017-03-31 00:00:00.0,2016,10676,1
2017-03-31 00:00:00.0,2016,10678,3
2017-03-31 00:00:00.0,2016,10679,3
2017-03-31 00:00:00.0,2016,10680,3
2017-03-31 00:00:00.0,2016,10681,3
2017-03-31 00:00:00.0,2016,10682,3
2017-03-31 00:00:00.0,2016,10683,3
2017-03-31 00:00:00.0,2016,10684,1
2017-03-31 00:00:00.0,2016,10686,2
2017-03-31 00:00:00.0,2016,10688,3
2017-03-31 00:00:00.0,2016,10689,3
2017-03-31 00:00:00.0,2016,10690,3
2017-03-31 00:00:00.0,2016,10692,3
2017-03-31 00:00:00.0,2016,10694,2
2017-03-31 00:00:00.0,2016,10695,3
2017-03-31 00:00:00.0,2016,10696,4
2017-03-31 00:00:00.0,2016,10697,2
2017-03-31 00:00:00.0,2016,10698,2
2017-03-31 00:00:00.0,2016,10699,3
2017-03-31 00:00:00.0,2016,10700,2
2017-03-31 00:00:00.0,2016,10701,3
2018-03-31 00:00:00.0,2017,10069,3
2018-03-31 00:00:00.0,2017,10072,2
2018-03-31 00:00:00.0,2017,10073,1
2018-03-31 00:00:00.0,2017,10074,4
2018-03-31 00:00:00.0,2017,10075,2
2018-03-31 00:00:00.0,2017,10077,3
2018-03-31 00:00:00.0,2017,10078,3
2018-03-31 00:00:00.0,2017,10079,3
2018-03-31 00:00:00.0,2017,10080,4
2018-03-31 00:00:00.0,2017,10081,4
2018-03-31 00:00:00.0,2017,10085,2
2018-03-31 00:00:00.0,2017,10087,3
2018-03-31 00:00:00.0,2017,10088,2
2018-03-31 00:00:00.0,2017,10094,3
2018-03-31 00:00:00.0,2017,10095,2
2018-03-31 00:00:00.0,2017,10096,1
2018-03-31 00:00:00.0,2017,10097,2
2018-03-31 00:00:00.0,2017,10098,3
2018-03-31 00:00:00.0,2017,10099,4
2018-03-31 00:00:00.0,2017,10100,4
2018-03-31 00:00:00.0,2017,10101,4
2018-03-31 00:00:00.0,2017,10102,1
2018-03-31 00:00:00.0,2017,10103,4
2018-03-31 00:00:00.0,2017,10301,1
2018-03-31 00:00:00.0,2017,10302,3
2018-03-31 00:00:00.0,2017,10303,4
2018-03-31 00:00:00.0,2017,10304,2
2018-03-31 00:00:00.0,2017,10305,4
2018-03-31 00:00:00.0,2017,10306,3
2018-03-31 00:00:00.0,2017,10307,2
2018-03-31 00:00:00.0,2017,10311,4
2018-03-31 00:00:00.0,2017,10313,2
2018-03-31 00:00:00.0,2017,10319,4
2018-03-31 00:00:00.0,2017,10323,2
2018-03-31 00:00:00.0,2017,10326,3
2018-03-31 00:00:00.0,2017,10327,3
2018-03-31 00:00:00.0,2017,10328,2
2018-03-31 00:00:00.0,2017,10329,3
2018-03-31 00:00:00.0,2017,10333,2
2018-03-31 00:00:00.0,2017,10337,5
2018-03-31 00:00:00.0,2017,10338,3
2018-03-31 00:00:00.0,2017,10339,2
2018-03-31 00:00:00.0,2017,10341,4
2018-03-31 00:00:00.0,2017,10343,4
2018-03-31 00:00:00.0,2017,10345,3
2018-03-31 00:00:00.0,2017,10346,3
2018-03-31 00:00:00.0,2017,10542,2
2018-03-31 00:00:00.0,2017,10544,4
2018-03-31 00:00:00.0,2017,10545,3
2018-03-31 00:00:00.0,2017,10546,3
2018-03-31 00:00:00.0,2017,10547,3
2018-03-31 00:00:00.0,2017,10551,4
2018-03-31 00:00:00.0,2017,10552,2
2018-03-31 00:00:00.0,2017,10556,1
2018-03-31 00:00:00.0,2017,10559,2
2018-03-31 00:00:00.0,2017,10560,2
2018-03-31 00:00:00.0,2017,10561,4
2019-03-31 00:00:00.0,2018,10206,3
2019-03-31 00:00:00.0,2018,10207,4
2019-03-31 00:00:00.0,2018,10208,3
2019-03-31 00:00:00.0,2018,10209,2
2019-03-31 00:00:00.0,2018,10210,2
2019-03-31 00:00:00.0,2018,10212,2
2019-03-31 00:00:00.0,2018,10214,3
2019-03-31 00:00:00.0,2018,10215,2
2019-03-31 00:00:00.0,2018,10216,4
2019-03-31 00:00:00.0,2018,10217,5
2019-03-31 00:00:00.0,2018,10220,2
2019-03-31 00:00:00.0,2018,10221,3
2019-03-31 00:00:00.0,2018,10223,2
2019-03-31 00:00:00.0,2018,10224,3
2019-03-31 00:00:00.0,2018,10225,3
2019-03-31 00:00:00.0,2018,10227,4
2019-03-31 00:00:00.0,2018,10228,3
2019-03-31 00:00:00.0,2018,10229,3
2019-03-31 00:00:00.0,2018,10230,2
2019-03-31 00:00:00.0,2018,10234,3
2019-03-31 00:00:00.0,2018,10235,3
2019-03-31 00:00:00.0,2018,10236,3
2019-03-31 00:00:00.0,2018,10237,3
2019-03-31 00:00:00.0,2018,10240,4
2019-03-31 00:00:00.0,2018,10241,3
2019-03-31 00:00:00.0,2018,10242,3
2019-03-31 00:00:00.0,2018,10243,3
2019-03-31 00:00:00.0,2018,10245,4
2019-03-31 00:00:00.0,2018,10246,3
2019-03-31 00:00:00.0,2018,10249,3
2019-03-31 00:00:00.0,2018,10250,2
2019-03-31 00:00:00.0,2018,10251,3
2019-03-31 00:00:00.0,2018,10252,4
2019-03-31 00:00:00.0,2018,10253,3
2019-03-31 00:00:00.0,2018,10304,3
2019-03-31 00:00:00.0,2018,10305,4
2019-03-31 00:00:00.0,2018,10306,2
2019-03-31 00:00:00.0,2018,10307,1
2019-03-31 00:00:00.0,2018,10309,3
2019-03-31 00:00:00.0,2018,10310,4
2019-03-31 00:00:00.0,2018,10311,3
2019-03-31 00:00:00.0,2018,10312,2
2019-03-31 00:00:00.0,2018,10313,1
2019-03-31 00:00:00.0,2018,10317,2
2019-03-31 00:00:00.0,2018,10318,4
2019-03-31 00:00:00.0,2018,10319,3
2019-03-31 00:00:00.0,2018,10323,3
2019-03-31 00:00:00.0,2018,10457,3
2019-03-31 00:00:00.0,2018,10458,4
2019-03-31 00:00:00.0,2018,10460,2
2019-03-31 00:00:00.0,2018,10461,3
2019-03-31 00:00:00.0,2018,10462,4
2019-03-31 00:00:00.0,2018,10463,3
2019-03-31 00:00:00.0,2018,10464,3
2019-03-31 00:00:00.0,2018,10465,2
2019-03-31 00:00:00.0,2018,10466,2
2019-03-31 00:00:00.0,2018,10501,2
2019-03-31 00:00:00.0,2018,10502,3
2019-03-31 00:00:00.0,2018,10503,4
2019-03-31 00:00:00.0,2018,10504,2
2019-03-31 00:00:00.0,2018,10505,3
2019-03-31 00:00:00.0,2018,10507,4
2019-03-31 00:00:00.0,2018,10508,3
2019-03-31 00:00:00.0,2018,10510,2
2019-03-31 00:00:00.0,2018,10512,3
2019-03-31 00:00:00.0,2018,10514,2
2019-03-31 00:00:00.0,2018,10516,3
2019-03-31 00:00:00.0,2018,10517,3
2019-03-31 00:00:00.0,2018,10518,4
2019-03-31 00:00:00.0,2018,10522,4
2019-03-31 00:00:00.0,2018,10523,3
2019-03-31 00:00:00.0,2018,10525,3
2019-03-31 00:00:00.0,2018,10527,2
2019-03-31 00:00:00.0,2018,10529,2
2019-03-31 00:00:00.0,2018,10531,3
2019-03-31 00:00:00.0,2018,10532,2
2019-03-31 00:00:00.0,2018,10534,4
2019-03-31 00:00:00.0,2018,10535,3
2019-03-31 00:00:00.0,2018,10536,2
2019-03-31 00:00:00.0,2018,10601,3
2019-03-31 00:00:00.0,2018,10602,3
2019-03-31 00:00:00.0,2018,10607,4
2019-03-31 00:00:00.0,2018,10609,2
2019-03-31 00:00:00.0,2018,10610,2
2019-03-31 00:00:00.0,2018,10612,4
2019-03-31 00:00:00.0,2018,10613,1
2019-03-31 00:00:00.0,2018,10614,3
2019-03-31 00:00:00.0,2018,10616,3
2019-03-31 00:00:00.0,2018,10618,4
2019-03-31 00:00:00.0,2018,10620,2
2019-03-31 00:00:00.0,2018,10621,3
2019-03-31 00:00:00.0,2018,10622,4
2019-03-31 00:00:00.0,2018,10623,2
2019-03-31 00:00:00.0,2018,10624,1
2019-03-31 00:00:00.0,2018,10777,4
2019-03-31 00:00:00.0,2018,10778,3
2019-03-31 00:00:00.0,2018,10779,4
2019-03-31 00:00:00.0,2018,10780,4
2019-03-31 00:00:00.0,2018,10781,5
2019-03-31 00:00:00.0,2018,10782,2
2019-03-31 00:00:00.0,2018,10783,5
2020-03-31 00:00:00.0,2019,10018,4
2020-03-31 00:00:00.0,2019,10019,3
2020-03-31 00:00:00.0,2019,10020,2
2020-03-31 00:00:00.0,2019,10021,3
2020-03-31 00:00:00.0,2019,10022,4
2020-03-31 00:00:00.0,2019,10023,3
2020-03-31 00:00:00.0,2019,10024,2
2020-03-31 00:00:00.0,2019,10025,4
2020-03-31 00:00:00.0,2019,10026,2
2020-03-31 00:00:00.0,2019,10027,2
2020-03-31 00:00:00.0,2019,10028,3
2020-03-31 00:00:00.0,2019,10029,1
2020-03-31 00:00:00.0,2019,10030,4
2020-03-31 00:00:00.0,2019,10043,3
2020-03-31 00:00:00.0,2019,10044,3
2020-03-31 00:00:00.0,2019,10045,4
2020-03-31 00:00:00.0,2019,10046,2
2020-03-31 00:00:00.0,2019,10047,3
2020-03-31 00:00:00.0,2019,10048,5
2020-03-31 00:00:00.0,2019,10049,3
2020-03-31 00:00:00.0,2019,10050,3
2020-03-31 00:00:00.0,2019,10051,1
2020-03-31 00:00:00.0,2019,10052,5
2020-03-31 00:00:00.0,2019,10105,4
2020-03-31 00:00:00.0,2019,10106,4
2020-03-31 00:00:00.0,2019,10107,4
2020-03-31 00:00:00.0,2019,10109,4
2020-03-31 00:00:00.0,2019,10110,2
2020-03-31 00:00:00.0,2019,10111,5
2020-03-31 00:00:00.0,2019,10113,3
2020-03-31 00:00:00.0,2019,10114,2
2020-03-31 00:00:00.0,2019,10115,2
2020-03-31 00:00:00.0,2019,10116,3
2020-03-31 00:00:00.0,2019,10117,1
2020-03-31 00:00:00.0,2019,10118,2
2020-03-31 00:00:00.0,2019,10119,3
2020-03-31 00:00:00.0,2019,10121,1
2020-03-31 00:00:00.0,2019,10122,2
2020-03-31 00:00:00.0,2019,10123,4
2020-03-31 00:00:00.0,2019,10124,3
2017-03-31 00:00:00.0,2016,10059,3
2017-03-31 00:00:00.0,2016,10060,4
2017-03-31 00:00:00.0,2016,10061,2
2017-03-31 00:00:00.0,2016,10062,3
2017-03-31 00:00:00.0,2016,10103,3
2017-03-31 00:00:00.0,2016,10104,2
2017-03-31 00:00:00.0,2016,10105,4
2017-03-31 00:00:00.0,2016,10106,3
2017-03-31 00:00:00.0,2016,10107,3
2017-03-31 00:00:00.0,2016,10110,2
2017-03-31 00:00:00.0,2016,10111,5
2017-03-31 00:00:00.0,2016,10114,2
2017-03-31 00:00:00.0,2016,10115,2
2017-03-31 00:00:00.0,2016,10126,3
2017-03-31 00:00:00.0,2016,10128,1
2017-03-31 00:00:00.0,2016,10129,2
2017-03-31 00:00:00.0,2016,10132,1
2017-03-31 00:00:00.0,2016,10134,2
2017-03-31 00:00:00.0,2016,10137,2
2017-03-31 00:00:00.0,2016,10138,3
2017-03-31 00:00:00.0,2016,10140,2
2017-03-31 00:00:00.0,2016,10142,3
2017-03-31 00:00:00.0,2016,10144,2
2017-03-31 00:00:00.0,2016,10150,2
2017-03-31 00:00:00.0,2016,10153,2
2017-03-31 00:00:00.0,2016,10162,1
2017-03-31 00:00:00.0,2016,10165,3
2017-03-31 00:00:00.0,2016,10616,1
2017-03-31 00:00:00.0,2016,10618,4
2017-03-31 00:00:00.0,2016,10621,2
2017-03-31 00:00:00.0,2016,10622,3
2017-03-31 00:00:00.0,2016,10623,2
2017-03-31 00:00:00.0,2016,10625,4
2017-03-31 00:00:00.0,2016,10626,1
2017-03-31 00:00:00.0,2016,10629,3
2017-03-31 00:00:00.0,2016,10632,4
2017-03-31 00:00:00.0,2016,10638,2
2017-03-31 00:00:00.0,2016,10639,3
2017-03-31 00:00:00.0,2016,10640,2
2017-03-31 00:00:00.0,2016,10641,3
2017-03-31 00:00:00.0,2016,10642,1
2017-03-31 00:00:00.0,2016,10646,2
2017-03-31 00:00:00.0,2016,10647,3
2017-03-31 00:00:00.0,2016,10650,2
2017-03-31 00:00:00.0,2016,10651,5
2017-03-31 00:00:00.0,2016,10652,4
2017-03-31 00:00:00.0,2016,10653,3
2018-03-31 00:00:00.0,2017,10128,2
2018-03-31 00:00:00.0,2017,10129,2
2018-03-31 00:00:00.0,2017,10131,3
2018-03-31 00:00:00.0,2017,10132,2
2018-03-31 00:00:00.0,2017,10134,2
2018-03-31 00:00:00.0,2017,10136,1
2018-03-31 00:00:00.0,2017,10137,3
2018-03-31 00:00:00.0,2017,10138,3
2018-03-31 00:00:00.0,2017,10140,2
2018-03-31 00:00:00.0,2017,10142,3
2018-03-31 00:00:00.0,2017,10144,3
2018-03-31 00:00:00.0,2017,10385,2
2018-03-31 00:00:00.0,2017,10386,2
2018-03-31 00:00:00.0,2017,10387,2
2018-03-31 00:00:00.0,2017,10388,2
2018-03-31 00:00:00.0,2017,10389,2
2018-03-31 00:00:00.0,2017,10390,4
2018-03-31 00:00:00.0,2017,10391,3
2018-03-31 00:00:00.0,2017,10392,2
2018-03-31 00:00:00.0,2017,10393,2
2018-03-31 00:00:00.0,2017,10394,2
2018-03-31 00:00:00.0,2017,10395,2
2018-03-31 00:00:00.0,2017,10396,1
2018-03-31 00:00:00.0,2017,10397,3
2018-03-31 00:00:00.0,2017,10398,3
2018-03-31 00:00:00.0,2017,10399,2
2018-03-31 00:00:00.0,2017,10400,1
2018-03-31 00:00:00.0,2017,10401,4
2018-03-31 00:00:00.0,2017,10402,3
2018-03-31 00:00:00.0,2017,10403,2
2018-03-31 00:00:00.0,2017,10404,3
2018-03-31 00:00:00.0,2017,10405,2
2018-03-31 00:00:00.0,2017,10406,3
2018-03-31 00:00:00.0,2017,10414,2
2020-03-31 00:00:00.0,2019,10520,2
2020-03-31 00:00:00.0,2019,10521,3
2020-03-31 00:00:00.0,2019,10522,4
2018-03-31 00:00:00.0,2017,10491,3
2018-03-31 00:00:00.0,2017,10493,1
2018-03-31 00:00:00.0,2017,10494,2
2018-03-31 00:00:00.0,2017,10498,3
2018-03-31 00:00:00.0,2017,10500,2
2018-03-31 00:00:00.0,2017,10501,1
2018-03-31 00:00:00.0,2017,10502,4
2018-03-31 00:00:00.0,2017,10503,4
2018-03-31 00:00:00.0,2017,10505,4
2018-03-31 00:00:00.0,2017,10507,4
2019-03-31 00:00:00.0,2018,10293,1
2019-03-31 00:00:00.0,2018,10294,4
2019-03-31 00:00:00.0,2018,10295,3
2019-03-31 00:00:00.0,2018,10296,2
2019-03-31 00:00:00.0,2018,10297,3
2019-03-31 00:00:00.0,2018,10301,2
2019-03-31 00:00:00.0,2018,10302,4
2019-03-31 00:00:00.0,2018,10303,4
2019-03-31 00:00:00.0,2018,10343,4
2019-03-31 00:00:00.0,2018,10344,2
2019-03-31 00:00:00.0,2018,10345,4
2019-03-31 00:00:00.0,2018,10346,3
2019-03-31 00:00:00.0,2018,10347,3
2019-03-31 00:00:00.0,2018,10348,3
2019-03-31 00:00:00.0,2018,10349,2
2019-03-31 00:00:00.0,2018,10350,3
2019-03-31 00:00:00.0,2018,10351,3
2019-03-31 00:00:00.0,2018,10352,2
2019-03-31 00:00:00.0,2018,10354,3
2019-03-31 00:00:00.0,2018,10356,3
2019-03-31 00:00:00.0,2018,10357,3
2019-03-31 00:00:00.0,2018,10358,2
2019-03-31 00:00:00.0,2018,10359,3
2019-03-31 00:00:00.0,2018,10360,2
2019-03-31 00:00:00.0,2018,10361,2
2019-03-31 00:00:00.0,2018,10362,3
2019-03-31 00:00:00.0,2018,10363,4
2019-03-31 00:00:00.0,2018,10369,4
2019-03-31 00:00:00.0,2018,10370,4
2019-03-31 00:00:00.0,2018,10371,3
2019-03-31 00:00:00.0,2018,10372,4
2019-03-31 00:00:00.0,2018,10398,4
2019-03-31 00:00:00.0,2018,10399,2
2019-03-31 00:00:00.0,2018,10400,2
2019-03-31 00:00:00.0,2018,10401,4
2019-03-31 00:00:00.0,2018,10402,2
2019-03-31 00:00:00.0,2018,10403,2
2019-03-31 00:00:00.0,2018,10404,3
2019-03-31 00:00:00.0,2018,10405,2
2019-03-31 00:00:00.0,2018,10406,3
2019-03-31 00:00:00.0,2018,10414,3
2019-03-31 00:00:00.0,2018,10415,3
2019-03-31 00:00:00.0,2018,10416,4
2019-03-31 00:00:00.0,2018,10417,3
2019-03-31 00:00:00.0,2018,10418,2
2019-03-31 00:00:00.0,2018,10419,3
2019-03-31 00:00:00.0,2018,10420,2
2019-03-31 00:00:00.0,2018,10593,2
2019-03-31 00:00:00.0,2018,10594,3
2019-03-31 00:00:00.0,2018,10595,2
2019-03-31 00:00:00.0,2018,10598,3
2019-03-31 00:00:00.0,2018,10599,3
2019-03-31 00:00:00.0,2018,10600,2
2019-03-31 00:00:00.0,2018,10639,2
2019-03-31 00:00:00.0,2018,10640,2
2019-03-31 00:00:00.0,2018,10641,3
2019-03-31 00:00:00.0,2018,10642,3
2019-03-31 00:00:00.0,2018,10645,3
2019-03-31 00:00:00.0,2018,10646,4
2019-03-31 00:00:00.0,2018,10647,3
2019-03-31 00:00:00.0,2018,10648,2
2019-03-31 00:00:00.0,2018,10649,3
2019-03-31 00:00:00.0,2018,10650,2
2019-03-31 00:00:00.0,2018,10651,5
2019-03-31 00:00:00.0,2018,10652,4
2019-03-31 00:00:00.0,2018,10653,3
2019-03-31 00:00:00.0,2018,10654,3
2019-03-31 00:00:00.0,2018,10656,1
2019-03-31 00:00:00.0,2018,10657,1
2019-03-31 00:00:00.0,2018,10658,2
2019-03-31 00:00:00.0,2018,10659,3
2019-03-31 00:00:00.0,2018,10660,5
2019-03-31 00:00:00.0,2018,10661,3
2019-03-31 00:00:00.0,2018,10671,3
2019-03-31 00:00:00.0,2018,10673,1
2019-03-31 00:00:00.0,2018,10675,3
2019-03-31 00:00:00.0,2018,10720,3
2019-03-31 00:00:00.0,2018,10721,2
2019-03-31 00:00:00.0,2018,10722,4
2019-03-31 00:00:00.0,2018,10723,3
2019-03-31 00:00:00.0,2018,10724,1
2019-03-31 00:00:00.0,2018,10725,5
2019-03-31 00:00:00.0,2018,10727,3
2019-03-31 00:00:00.0,2018,10729,2
2019-03-31 00:00:00.0,2018,10733,3
2019-03-31 00:00:00.0,2018,10734,3
2019-03-31 00:00:00.0,2018,10735,3
2019-03-31 00:00:00.0,2018,10736,3
2019-03-31 00:00:00.0,2018,10738,1
2019-03-31 00:00:00.0,2018,10739,5
2019-03-31 00:00:00.0,2018,10740,1
2019-03-31 00:00:00.0,2018,10741,3
2020-03-31 00:00:00.0,2019,10056,4
2020-03-31 00:00:00.0,2019,10057,2
2020-03-31 00:00:00.0,2019,10058,2
2020-03-31 00:00:00.0,2019,10059,3
2020-03-31 00:00:00.0,2019,10060,4
2020-03-31 00:00:00.0,2019,10061,2
2020-03-31 00:00:00.0,2019,10062,2
2020-03-31 00:00:00.0,2019,10063,3
2020-03-31 00:00:00.0,2019,10064,3
2020-03-31 00:00:00.0,2019,10065,4
2020-03-31 00:00:00.0,2019,10067,3
2020-03-31 00:00:00.0,2019,10068,2
2020-03-31 00:00:00.0,2019,10069,3
2020-03-31 00:00:00.0,2019,10070,4
2020-03-31 00:00:00.0,2019,10071,3
2020-03-31 00:00:00.0,2019,10072,2
2020-03-31 00:00:00.0,2019,10073,3
2020-03-31 00:00:00.0,2019,10074,3
2020-03-31 00:00:00.0,2019,10075,2
2020-03-31 00:00:00.0,2019,10076,2
2020-03-31 00:00:00.0,2019,10134,3
2020-03-31 00:00:00.0,2019,10136,3
2020-03-31 00:00:00.0,2019,10137,3
2020-03-31 00:00:00.0,2019,10138,4
2020-03-31 00:00:00.0,2019,10139,4
2020-03-31 00:00:00.0,2019,10140,2
2020-03-31 00:00:00.0,2019,10141,3
2020-03-31 00:00:00.0,2019,10142,4
2020-03-31 00:00:00.0,2019,10144,2
2020-03-31 00:00:00.0,2019,10150,2
2020-03-31 00:00:00.0,2019,10151,4
2020-03-31 00:00:00.0,2019,10152,2
2020-03-31 00:00:00.0,2019,10153,4
2020-03-31 00:00:00.0,2019,10154,4
2020-03-31 00:00:00.0,2019,10155,4
2020-03-31 00:00:00.0,2019,10156,4
2020-03-31 00:00:00.0,2019,10157,3
2020-03-31 00:00:00.0,2019,10158,4
2020-03-31 00:00:00.0,2019,10159,3
2020-03-31 00:00:00.0,2019,10160,2
2020-03-31 00:00:00.0,2019,10162,3
2020-03-31 00:00:00.0,2019,10164,2
2020-03-31 00:00:00.0,2019,10165,2
2020-03-31 00:00:00.0,2019,10228,3
2020-03-31 00:00:00.0,2019,10229,3
2020-03-31 00:00:00.0,2019,10230,2
2020-03-31 00:00:00.0,2019,10231,4
2018-03-31 00:00:00.0,2017,10562,3
2018-03-31 00:00:00.0,2017,10563,3
2018-03-31 00:00:00.0,2017,10564,4
2018-03-31 00:00:00.0,2017,10565,3
2018-03-31 00:00:00.0,2017,10568,2
2018-03-31 00:00:00.0,2017,10570,4
2018-03-31 00:00:00.0,2017,10572,4
2018-03-31 00:00:00.0,2017,10576,2
2018-03-31 00:00:00.0,2017,10577,3
2018-03-31 00:00:00.0,2017,10579,2
2018-03-31 00:00:00.0,2017,10582,3
2018-03-31 00:00:00.0,2017,10583,4
2019-03-31 00:00:00.0,2018,10109,3
2019-03-31 00:00:00.0,2018,10110,2
2019-03-31 00:00:00.0,2018,10111,5
2019-03-31 00:00:00.0,2018,10114,2
2019-03-31 00:00:00.0,2018,10115,2
2019-03-31 00:00:00.0,2018,10116,2
2019-03-31 00:00:00.0,2018,10118,2
2019-03-31 00:00:00.0,2018,10119,3
2019-03-31 00:00:00.0,2018,10121,3
2019-03-31 00:00:00.0,2018,10122,2
2019-03-31 00:00:00.0,2018,10123,3
2019-03-31 00:00:00.0,2018,10124,2
2019-03-31 00:00:00.0,2018,10126,3
2019-03-31 00:00:00.0,2018,10128,3
2019-03-31 00:00:00.0,2018,10129,1
2019-03-31 00:00:00.0,2018,10131,3
2019-03-31 00:00:00.0,2018,10132,3
2019-03-31 00:00:00.0,2018,10134,3
2019-03-31 00:00:00.0,2018,10136,2
2019-03-31 00:00:00.0,2018,10137,3
2019-03-31 00:00:00.0,2018,10138,4
2019-03-31 00:00:00.0,2018,10139,3
2019-03-31 00:00:00.0,2018,10140,2
2019-03-31 00:00:00.0,2018,10183,3
2019-03-31 00:00:00.0,2018,10184,2
2019-03-31 00:00:00.0,2018,10185,4
2019-03-31 00:00:00.0,2018,10189,3
2019-03-31 00:00:00.0,2018,10190,3
2019-03-31 00:00:00.0,2018,10197,2
2019-03-31 00:00:00.0,2018,10198,4
2019-03-31 00:00:00.0,2018,10199,1
2019-03-31 00:00:00.0,2018,10200,2
2019-03-31 00:00:00.0,2018,10201,3
2019-03-31 00:00:00.0,2018,10202,4
2019-03-31 00:00:00.0,2018,10203,2
2019-03-31 00:00:00.0,2018,10326,2
2019-03-31 00:00:00.0,2018,10327,3
2019-03-31 00:00:00.0,2018,10328,3
2019-03-31 00:00:00.0,2018,10329,2
2019-03-31 00:00:00.0,2018,10330,4
2019-03-31 00:00:00.0,2018,10333,1
2019-03-31 00:00:00.0,2018,10337,5
2019-03-31 00:00:00.0,2018,10338,4
2019-03-31 00:00:00.0,2018,10339,3
2019-03-31 00:00:00.0,2018,10341,4
2019-03-31 00:00:00.0,2018,10373,4
2019-03-31 00:00:00.0,2018,10374,3
2019-03-31 00:00:00.0,2018,10375,3
2019-03-31 00:00:00.0,2018,10376,3
2019-03-31 00:00:00.0,2018,10377,4
2019-03-31 00:00:00.0,2018,10378,2
2019-03-31 00:00:00.0,2018,10379,2
2019-03-31 00:00:00.0,2018,10381,2
2019-03-31 00:00:00.0,2018,10383,2
2019-03-31 00:00:00.0,2018,10384,3
2019-03-31 00:00:00.0,2018,10385,2
2019-03-31 00:00:00.0,2018,10386,2
2019-03-31 00:00:00.0,2018,10387,2
2019-03-31 00:00:00.0,2018,10388,3
2019-03-31 00:00:00.0,2018,10389,3
2019-03-31 00:00:00.0,2018,10390,4
2019-03-31 00:00:00.0,2018,10391,3
2019-03-31 00:00:00.0,2018,10392,3
2019-03-31 00:00:00.0,2018,10393,3
2019-03-31 00:00:00.0,2018,10394,3
2019-03-31 00:00:00.0,2018,10395,2
2019-03-31 00:00:00.0,2018,10396,2
2019-03-31 00:00:00.0,2018,10397,3
2019-03-31 00:00:00.0,2018,10436,4
2019-03-31 00:00:00.0,2018,10437,3
2019-03-31 00:00:00.0,2018,10438,4
2019-03-31 00:00:00.0,2018,10439,2
2019-03-31 00:00:00.0,2018,10441,3
2019-03-31 00:00:00.0,2018,10445,3
2019-03-31 00:00:00.0,2018,10447,4
2019-03-31 00:00:00.0,2018,10448,4
2019-03-31 00:00:00.0,2018,10449,2
2019-03-31 00:00:00.0,2018,10450,4
2019-03-31 00:00:00.0,2018,10451,2
2019-03-31 00:00:00.0,2018,10452,2
2019-03-31 00:00:00.0,2018,10453,3
2019-03-31 00:00:00.0,2018,10456,3
2019-03-31 00:00:00.0,2018,10625,4
2019-03-31 00:00:00.0,2018,10626,3
2019-03-31 00:00:00.0,2018,10629,2
2019-03-31 00:00:00.0,2018,10630,4
2019-03-31 00:00:00.0,2018,10631,3
2019-03-31 00:00:00.0,2018,10632,4
2019-03-31 00:00:00.0,2018,10633,2
2019-03-31 00:00:00.0,2018,10638,3
2019-03-31 00:00:00.0,2018,10676,3
2019-03-31 00:00:00.0,2018,10677,2
2019-03-31 00:00:00.0,2018,10678,4
2019-03-31 00:00:00.0,2018,10679,3
2019-03-31 00:00:00.0,2018,10680,2
2019-03-31 00:00:00.0,2018,10685,3
2019-03-31 00:00:00.0,2018,10686,2
2019-03-31 00:00:00.0,2018,10690,3
2019-03-31 00:00:00.0,2018,10692,4
2019-03-31 00:00:00.0,2018,10694,1
2019-03-31 00:00:00.0,2018,10695,3
2019-03-31 00:00:00.0,2018,10696,4
2019-03-31 00:00:00.0,2018,10700,2
2019-03-31 00:00:00.0,2018,10702,3
2019-03-31 00:00:00.0,2018,10707,3
2019-03-31 00:00:00.0,2018,10710,3
2019-03-31 00:00:00.0,2018,10712,2
2019-03-31 00:00:00.0,2018,10713,3
2019-03-31 00:00:00.0,2018,10714,1
2019-03-31 00:00:00.0,2018,10715,3
2019-03-31 00:00:00.0,2018,10716,3
2019-03-31 00:00:00.0,2018,10718,4
2019-03-31 00:00:00.0,2018,10719,3
2019-03-31 00:00:00.0,2018,10755,3
2019-03-31 00:00:00.0,2018,10757,3
2019-03-31 00:00:00.0,2018,10758,2
2019-03-31 00:00:00.0,2018,10759,4
2019-03-31 00:00:00.0,2018,10761,3
2019-03-31 00:00:00.0,2018,10762,2
2019-03-31 00:00:00.0,2018,10763,4
2019-03-31 00:00:00.0,2018,10764,3
2019-03-31 00:00:00.0,2018,10765,2
2019-03-31 00:00:00.0,2018,10766,4
2019-03-31 00:00:00.0,2018,10767,3
2019-03-31 00:00:00.0,2018,10771,1
2019-03-31 00:00:00.0,2018,10772,2
2019-03-31 00:00:00.0,2018,10774,1
2019-03-31 00:00:00.0,2018,10775,2
2019-03-31 00:00:00.0,2018,10776,3
2020-03-31 00:00:00.0,2019,10645,3
2020-03-31 00:00:00.0,2019,10646,4
2020-03-31 00:00:00.0,2019,10647,3
2020-03-31 00:00:00.0,2019,10648,3
2020-03-31 00:00:00.0,2019,10649,4
2020-03-31 00:00:00.0,2019,10724,1
2020-03-31 00:00:00.0,2019,10725,5
2020-03-31 00:00:00.0,2019,10727,3
2020-03-31 00:00:00.0,2019,10728,2
2020-03-31 00:00:00.0,2019,10729,1
2020-03-31 00:00:00.0,2019,10733,2
2020-03-31 00:00:00.0,2019,10734,4
2020-03-31 00:00:00.0,2019,10735,3
2020-03-31 00:00:00.0,2019,10736,3
2020-03-31 00:00:00.0,2019,10737,1
2020-03-31 00:00:00.0,2019,10739,5
2020-03-31 00:00:00.0,2019,10740,2
2020-03-31 00:00:00.0,2019,10741,3
2020-03-31 00:00:00.0,2019,10745,3
2020-03-31 00:00:00.0,2019,10746,3
2020-03-31 00:00:00.0,2019,10747,3
2020-03-31 00:00:00.0,2019,10752,4
2020-03-31 00:00:00.0,2019,10753,5
2020-03-31 00:00:00.0,2019,10756,3
2020-03-31 00:00:00.0,2019,10757,3
2020-03-31 00:00:00.0,2019,10758,2
2020-03-31 00:00:00.0,2019,10759,3
2020-03-31 00:00:00.0,2019,10761,3
2017-03-31 00:00:00.0,2016,10025,3
2017-03-31 00:00:00.0,2016,10027,2
2017-03-31 00:00:00.0,2016,10029,2
2017-03-31 00:00:00.0,2016,10030,4
2017-03-31 00:00:00.0,2016,10043,3
2017-03-31 00:00:00.0,2016,10044,4
2017-03-31 00:00:00.0,2016,10045,3
2017-03-31 00:00:00.0,2016,10046,2
2017-03-31 00:00:00.0,2016,10047,3
2017-03-31 00:00:00.0,2016,10048,3
2017-03-31 00:00:00.0,2016,10050,2
2017-03-31 00:00:00.0,2016,10051,2
2017-03-31 00:00:00.0,2016,10052,3
2017-03-31 00:00:00.0,2016,10053,2
2017-03-31 00:00:00.0,2016,10054,3
2017-03-31 00:00:00.0,2016,10055,4
2017-03-31 00:00:00.0,2016,10056,3
2017-03-31 00:00:00.0,2016,10057,2
2017-03-31 00:00:00.0,2016,10058,3
2017-03-31 00:00:00.0,2016,10654,3
2017-03-31 00:00:00.0,2016,10660,4
2017-03-31 00:00:00.0,2016,10666,2
2018-03-31 00:00:00.0,2017,10104,2
2018-03-31 00:00:00.0,2017,10105,3
2018-03-31 00:00:00.0,2017,10106,4
2018-03-31 00:00:00.0,2017,10107,3
2018-03-31 00:00:00.0,2017,10109,3
2018-03-31 00:00:00.0,2017,10110,3
2018-03-31 00:00:00.0,2017,10111,5
2018-03-31 00:00:00.0,2017,10114,2
2018-03-31 00:00:00.0,2017,10115,3
2018-03-31 00:00:00.0,2017,10116,1
2018-03-31 00:00:00.0,2017,10124,1
2018-03-31 00:00:00.0,2017,10126,4
2018-03-31 00:00:00.0,2017,10508,2
2018-03-31 00:00:00.0,2017,10510,2
2018-03-31 00:00:00.0,2017,10514,2
2018-03-31 00:00:00.0,2017,10516,3
2018-03-31 00:00:00.0,2017,10529,1
2018-03-31 00:00:00.0,2017,10531,2
2018-03-31 00:00:00.0,2017,10538,3
2018-03-31 00:00:00.0,2017,10539,3
2018-03-31 00:00:00.0,2017,10540,2
2018-03-31 00:00:00.0,2017,10541,4
2018-03-31 00:00:00.0,2017,10785,3
2018-03-31 00:00:00.0,2017,10786,4
2018-03-31 00:00:00.0,2017,10787,4
2018-03-31 00:00:00.0,2017,10788,2
2018-03-31 00:00:00.0,2017,10789,3
2018-03-31 00:00:00.0,2017,10790,1
2018-03-31 00:00:00.0,2017,10791,4
2018-03-31 00:00:00.0,2017,10792,2
2018-03-31 00:00:00.0,2017,10794,4
2018-03-31 00:00:00.0,2017,10796,2
2018-03-31 00:00:00.0,2017,10797,3
2018-03-31 00:00:00.0,2017,10798,3
2018-03-31 00:00:00.0,2017,10799,3
2019-03-31 00:00:00.0,2018,10004,3
2019-03-31 00:00:00.0,2018,10005,3
2019-03-31 00:00:00.0,2018,10007,5
2019-03-31 00:00:00.0,2018,10012,2
2019-03-31 00:00:00.0,2018,10013,2
2019-03-31 00:00:00.0,2018,10014,4
2019-03-31 00:00:00.0,2018,10016,2
2019-03-31 00:00:00.0,2018,10017,2
2019-03-31 00:00:00.0,2018,10018,4
2019-03-31 00:00:00.0,2018,10020,2
2019-03-31 00:00:00.0,2018,10080,4
2019-03-31 00:00:00.0,2018,10081,4
2019-03-31 00:00:00.0,2018,10085,3
2019-03-31 00:00:00.0,2018,10087,4
2019-03-31 00:00:00.0,2018,10088,3
2019-03-31 00:00:00.0,2018,10089,3
2019-03-31 00:00:00.0,2018,10090,2
2019-03-31 00:00:00.0,2018,10091,2
2019-03-31 00:00:00.0,2018,10092,1
2019-03-31 00:00:00.0,2018,10094,3
2019-03-31 00:00:00.0,2018,10095,3
2019-03-31 00:00:00.0,2018,10096,2
2019-03-31 00:00:00.0,2018,10097,1
2019-03-31 00:00:00.0,2018,10098,3
2019-03-31 00:00:00.0,2018,10421,3
2019-03-31 00:00:00.0,2018,10423,4
2019-03-31 00:00:00.0,2018,10427,4
2019-03-31 00:00:00.0,2018,10430,4
2019-03-31 00:00:00.0,2018,10431,3
2019-03-31 00:00:00.0,2018,10434,4
2019-03-31 00:00:00.0,2018,10435,3
2019-03-31 00:00:00.0,2018,10467,4
2019-03-31 00:00:00.0,2018,10468,3
2019-03-31 00:00:00.0,2018,10469,2
2019-03-31 00:00:00.0,2018,10470,3
2019-03-31 00:00:00.0,2018,10471,3
2019-03-31 00:00:00.0,2018,10472,4
2019-03-31 00:00:00.0,2018,10473,4
2019-03-31 00:00:00.0,2018,10475,4
2019-03-31 00:00:00.0,2018,10476,3
2019-03-31 00:00:00.0,2018,10477,4
2019-03-31 00:00:00.0,2018,10480,2
2019-03-31 00:00:00.0,2018,10481,3
2019-03-31 00:00:00.0,2018,10482,3
2019-03-31 00:00:00.0,2018,10484,2
2019-03-31 00:00:00.0,2018,10486,1
2019-03-31 00:00:00.0,2018,10487,2
2019-03-31 00:00:00.0,2018,10488,5
2019-03-31 00:00:00.0,2018,10490,4
2019-03-31 00:00:00.0,2018,10491,3
2019-03-31 00:00:00.0,2018,10493,2
2019-03-31 00:00:00.0,2018,10494,3
2019-03-31 00:00:00.0,2018,10498,2
2019-03-31 00:00:00.0,2018,10500,2
2019-03-31 00:00:00.0,2018,10570,4
2019-03-31 00:00:00.0,2018,10571,2
2019-03-31 00:00:00.0,2018,10572,3
2019-03-31 00:00:00.0,2018,10575,3
2019-03-31 00:00:00.0,2018,10576,3
2019-03-31 00:00:00.0,2018,10577,3
2019-03-31 00:00:00.0,2018,10579,3
2019-03-31 00:00:00.0,2018,10582,4
2019-03-31 00:00:00.0,2018,10583,4
2019-03-31 00:00:00.0,2018,10584,3
2019-03-31 00:00:00.0,2018,10585,3
2019-03-31 00:00:00.0,2018,10586,4
2019-03-31 00:00:00.0,2018,10588,3
2019-03-31 00:00:00.0,2018,10589,3
2019-03-31 00:00:00.0,2018,10590,2
2019-03-31 00:00:00.0,2018,10591,2
2019-03-31 00:00:00.0,2018,10592,4
2019-03-31 00:00:00.0,2018,10747,3
2019-03-31 00:00:00.0,2018,10751,2
2019-03-31 00:00:00.0,2018,10752,4
2019-03-31 00:00:00.0,2018,10753,5
2019-03-31 00:00:00.0,2018,10754,3
2019-03-31 00:00:00.0,2018,10784,2
2019-03-31 00:00:00.0,2018,10785,3
2019-03-31 00:00:00.0,2018,10786,3
2019-03-31 00:00:00.0,2018,10787,4
2019-03-31 00:00:00.0,2018,10788,3
2019-03-31 00:00:00.0,2018,10789,3
2019-03-31 00:00:00.0,2018,10791,4
2019-03-31 00:00:00.0,2018,10793,3
2019-03-31 00:00:00.0,2018,10794,4
2019-03-31 00:00:00.0,2018,10795,5
2019-03-31 00:00:00.0,2018,10796,3
2019-03-31 00:00:00.0,2018,10797,4
2019-03-31 00:00:00.0,2018,10798,4
2019-03-31 00:00:00.0,2018,10799,3
2019-03-31 00:00:00.0,2018,10800,3
2020-03-31 00:00:00.0,2019,10004,3
2020-03-31 00:00:00.0,2019,10005,3
2020-03-31 00:00:00.0,2019,10006,4
2020-03-31 00:00:00.0,2019,10007,4
2020-03-31 00:00:00.0,2019,10012,2
2020-03-31 00:00:00.0,2019,10013,2
2020-03-31 00:00:00.0,2019,10016,2
2020-03-31 00:00:00.0,2019,10017,3
2020-03-31 00:00:00.0,2019,10077,3
2020-03-31 00:00:00.0,2019,10078,4
2020-03-31 00:00:00.0,2019,10079,4
2020-03-31 00:00:00.0,2019,10080,3
2020-03-31 00:00:00.0,2019,10081,3
2020-03-31 00:00:00.0,2019,10085,3
2020-03-31 00:00:00.0,2019,10087,4
2020-03-31 00:00:00.0,2019,10088,2
2020-03-31 00:00:00.0,2019,10089,3
2020-03-31 00:00:00.0,2019,10090,3
2020-03-31 00:00:00.0,2019,10091,3
2020-03-31 00:00:00.0,2019,10092,1
2020-03-31 00:00:00.0,2019,10093,1
2020-03-31 00:00:00.0,2019,10094,3
2020-03-31 00:00:00.0,2019,10095,3
2020-03-31 00:00:00.0,2019,10096,3
2020-03-31 00:00:00.0,2019,10098,4
2020-03-31 00:00:00.0,2019,10099,3
2020-03-31 00:00:00.0,2019,10100,4
2020-03-31 00:00:00.0,2019,10101,4
2020-03-31 00:00:00.0,2019,10102,2
2020-03-31 00:00:00.0,2019,10103,3
2020-03-31 00:00:00.0,2019,10104,2
2020-03-31 00:00:00.0,2019,10170,2
2020-03-31 00:00:00.0,2019,10171,5
2020-03-31 00:00:00.0,2019,10172,3
2020-03-31 00:00:00.0,2019,10173,3
2020-03-31 00:00:00.0,2019,10174,4
2020-03-31 00:00:00.0,2019,10175,4
2020-03-31 00:00:00.0,2019,10176,2
2020-03-31 00:00:00.0,2019,10177,3
2020-03-31 00:00:00.0,2019,10178,2
2020-03-31 00:00:00.0,2019,10179,3
2020-03-31 00:00:00.0,2019,10180,2
2020-03-31 00:00:00.0,2019,10181,3
2020-03-31 00:00:00.0,2019,10182,4
2020-03-31 00:00:00.0,2019,10183,3
2020-03-31 00:00:00.0,2019,10184,3
2020-03-31 00:00:00.0,2019,10185,4
2020-03-31 00:00:00.0,2019,10186,4
2020-03-31 00:00:00.0,2019,10187,3
2020-03-31 00:00:00.0,2019,10189,4
2020-03-31 00:00:00.0,2019,10190,3
2020-03-31 00:00:00.0,2019,10197,3
2020-03-31 00:00:00.0,2019,10198,4
2020-03-31 00:00:00.0,2019,10199,1
2020-03-31 00:00:00.0,2019,10255,2
2020-03-31 00:00:00.0,2019,10256,2
2020-03-31 00:00:00.0,2019,10258,5
2020-03-31 00:00:00.0,2019,10259,3
2020-03-31 00:00:00.0,2019,10261,3
2020-03-31 00:00:00.0,2019,10264,1
2020-03-31 00:00:00.0,2019,10265,2
2020-03-31 00:00:00.0,2019,10267,3
2020-03-31 00:00:00.0,2019,10268,2
2020-03-31 00:00:00.0,2019,10269,3
2020-03-31 00:00:00.0,2019,10270,4
2020-03-31 00:00:00.0,2019,10271,2
2020-03-31 00:00:00.0,2019,10272,2
2020-03-31 00:00:00.0,2019,10273,1
2020-03-31 00:00:00.0,2019,10276,4
2020-03-31 00:00:00.0,2019,10278,3
2020-03-31 00:00:00.0,2019,10279,3
2020-03-31 00:00:00.0,2019,10280,2
2020-03-31 00:00:00.0,2019,10281,3
2020-03-31 00:00:00.0,2019,10282,1
2020-03-31 00:00:00.0,2019,10283,3
2020-03-31 00:00:00.0,2019,10285,3
2020-03-31 00:00:00.0,2019,10286,4
2020-03-31 00:00:00.0,2019,10319,4
2020-03-31 00:00:00.0,2019,10320,2
2020-03-31 00:00:00.0,2019,10321,3
2020-03-31 00:00:00.0,2019,10322,1
2020-03-31 00:00:00.0,2019,10323,3
2020-03-31 00:00:00.0,2019,10325,4
2020-03-31 00:00:00.0,2019,10326,2
2020-03-31 00:00:00.0,2019,10327,3
2020-03-31 00:00:00.0,2019,10328,3
2020-03-31 00:00:00.0,2019,10329,2
2020-03-31 00:00:00.0,2019,10330,4
2020-03-31 00:00:00.0,2019,10332,2
2020-03-31 00:00:00.0,2019,10333,1
2020-03-31 00:00:00.0,2019,10334,1
2020-03-31 00:00:00.0,2019,10337,5
2020-03-31 00:00:00.0,2019,10338,3
2020-03-31 00:00:00.0,2019,10339,1
2020-03-31 00:00:00.0,2019,10341,3
2020-03-31 00:00:00.0,2019,10343,3
2020-03-31 00:00:00.0,2019,10344,2
2020-03-31 00:00:00.0,2019,10345,4
2020-03-31 00:00:00.0,2019,10346,3
2020-03-31 00:00:00.0,2019,10347,3
2020-03-31 00:00:00.0,2019,10401,3
2020-03-31 00:00:00.0,2019,10402,2
2020-03-31 00:00:00.0,2019,10403,2
2020-03-31 00:00:00.0,2019,10404,4
2020-03-31 00:00:00.0,2019,10405,2
2020-03-31 00:00:00.0,2019,10406,3
2020-03-31 00:00:00.0,2019,10407,1
2020-03-31 00:00:00.0,2019,10414,3
2020-03-31 00:00:00.0,2019,10415,3
2020-03-31 00:00:00.0,2019,10416,3
2020-03-31 00:00:00.0,2019,10417,3
2020-03-31 00:00:00.0,2019,10418,3
2020-03-31 00:00:00.0,2019,10419,3
2020-03-31 00:00:00.0,2019,10420,2
2020-03-31 00:00:00.0,2019,10421,3
2020-03-31 00:00:00.0,2019,10523,4
2020-03-31 00:00:00.0,2019,10524,1
2020-03-31 00:00:00.0,2019,10525,3
2020-03-31 00:00:00.0,2019,10527,3
2020-03-31 00:00:00.0,2019,10529,1
2020-03-31 00:00:00.0,2019,10530,2
2020-03-31 00:00:00.0,2019,10722,4
2020-03-31 00:00:00.0,2019,10762,1
2020-03-31 00:00:00.0,2019,10763,4
2020-03-31 00:00:00.0,2019,10764,3
2020-03-31 00:00:00.0,2019,10765,3
2020-03-31 00:00:00.0,2019,10766,4
2020-03-31 00:00:00.0,2019,10767,3
2020-03-31 00:00:00.0,2019,10769,1
2020-03-31 00:00:00.0,2019,10770,2
2020-03-31 00:00:00.0,2019,10774,2
2020-03-31 00:00:00.0,2019,10776,1
2020-03-31 00:00:00.0,2019,10777,5
2020-03-31 00:00:00.0,2019,10778,3
2020-03-31 00:00:00.0,2019,10779,4
2020-03-31 00:00:00.0,2019,10780,4
2020-03-31 00:00:00.0,2019,10781,5
2020-03-31 00:00:00.0,2019,10785,3
2020-03-31 00:00:00.0,2019,10786,4
2020-03-31 00:00:00.0,2019,10788,3
2020-03-31 00:00:00.0,2019,10789,3
2020-03-31 00:00:00.0,2019,10791,5
2020-03-31 00:00:00.0,2019,10793,1
2020-03-31 00:00:00.0,2019,10794,4
2020-03-31 00:00:00.0,2019,10795,5
2020-03-31 00:00:00.0,2019,10796,4
2020-03-31 00:00:00.0,2019,10797,3
2020-03-31 00:00:00.0,2019,10798,5
2020-03-31 00:00:00.0,2019,10799,1
2020-03-31 00:00:00.0,2019,10800,3
2017-03-31 00:00:00.0,2016,10004,1
2017-03-31 00:00:00.0,2016,10013,2
2017-03-31 00:00:00.0,2016,10014,4
2017-03-31 00:00:00.0,2016,10018,3
2017-03-31 00:00:00.0,2016,10020,2
2017-03-31 00:00:00.0,2016,10022,4
2017-03-31 00:00:00.0,2016,10023,3
2017-03-31 00:00:00.0,2016,10227,3
2017-03-31 00:00:00.0,2016,10228,2
2017-03-31 00:00:00.0,2016,10229,3
2017-03-31 00:00:00.0,2016,10234,4
2017-03-31 00:00:00.0,2016,10236,3
2017-03-31 00:00:00.0,2016,10237,3
2017-03-31 00:00:00.0,2016,10241,3
2017-03-31 00:00:00.0,2016,10242,3
2017-03-31 00:00:00.0,2016,10243,3
2017-03-31 00:00:00.0,2016,10245,4
2017-03-31 00:00:00.0,2016,10246,3
2018-03-31 00:00:00.0,2017,10438,3
2018-03-31 00:00:00.0,2017,10439,3
2018-03-31 00:00:00.0,2017,10445,3
2018-03-31 00:00:00.0,2017,10447,4
2018-03-31 00:00:00.0,2017,10448,3
2018-03-31 00:00:00.0,2017,10449,3
2018-03-31 00:00:00.0,2017,10452,2
2018-03-31 00:00:00.0,2017,10456,2
2018-03-31 00:00:00.0,2017,10458,3
2018-03-31 00:00:00.0,2017,10460,2
2018-03-31 00:00:00.0,2017,10584,2
2018-03-31 00:00:00.0,2017,10585,4
2018-03-31 00:00:00.0,2017,10586,3
2018-03-31 00:00:00.0,2017,10588,2
2018-03-31 00:00:00.0,2017,10589,2
2018-03-31 00:00:00.0,2017,10590,1
2018-03-31 00:00:00.0,2017,10592,3
2018-03-31 00:00:00.0,2017,10593,1
2018-03-31 00:00:00.0,2017,10595,2
2018-03-31 00:00:00.0,2017,10598,4
2018-03-31 00:00:00.0,2017,10599,4
2018-03-31 00:00:00.0,2017,10600,2
2018-03-31 00:00:00.0,2017,10601,3
2018-03-31 00:00:00.0,2017,10602,2
2018-03-31 00:00:00.0,2017,10607,3
2018-03-31 00:00:00.0,2017,10609,3
2018-03-31 00:00:00.0,2017,10610,2
2018-03-31 00:00:00.0,2017,10612,3
2018-03-31 00:00:00.0,2017,10613,2
2018-03-31 00:00:00.0,2017,10614,4
2018-03-31 00:00:00.0,2017,10616,2
2018-03-31 00:00:00.0,2017,10618,3
2018-03-31 00:00:00.0,2017,10620,2
2019-03-31 00:00:00.0,2018,10056,4
2019-03-31 00:00:00.0,2018,10057,2
2019-03-31 00:00:00.0,2018,10058,2
2019-03-31 00:00:00.0,2018,10059,4
2019-03-31 00:00:00.0,2018,10060,4
2019-03-31 00:00:00.0,2018,10061,2
2019-03-31 00:00:00.0,2018,10062,2
2019-03-31 00:00:00.0,2018,10063,3
2019-03-31 00:00:00.0,2018,10064,3
2019-03-31 00:00:00.0,2018,10065,4
2019-03-31 00:00:00.0,2018,10066,4
2019-03-31 00:00:00.0,2018,10067,2
2019-03-31 00:00:00.0,2018,10068,2
2019-03-31 00:00:00.0,2018,10069,3
2019-03-31 00:00:00.0,2018,10049,2
2019-03-31 00:00:00.0,2018,10050,2
2019-03-31 00:00:00.0,2018,10051,3
2019-03-31 00:00:00.0,2018,10052,4
2019-03-31 00:00:00.0,2018,10053,2
2019-03-31 00:00:00.0,2018,10054,2
2019-03-31 00:00:00.0,2018,10055,4
2020-03-31 00:00:00.0,2019,10377,4
2020-03-31 00:00:00.0,2019,10378,2
2020-03-31 00:00:00.0,2019,10379,2
2020-03-31 00:00:00.0,2019,10381,3
2020-03-31 00:00:00.0,2019,10383,2
2020-03-31 00:00:00.0,2019,10384,4
2020-03-31 00:00:00.0,2019,10385,2
2020-03-31 00:00:00.0,2019,10386,2
2020-03-31 00:00:00.0,2019,10387,3
2020-03-31 00:00:00.0,2019,10388,3
2020-03-31 00:00:00.0,2019,10389,3
2020-03-31 00:00:00.0,2019,10390,4
2020-03-31 00:00:00.0,2019,10391,3
2020-03-31 00:00:00.0,2019,10392,3
2020-03-31 00:00:00.0,2019,10393,4
2020-03-31 00:00:00.0,2019,10394,3
2020-03-31 00:00:00.0,2019,10395,2
2020-03-31 00:00:00.0,2019,10396,3
2020-03-31 00:00:00.0,2019,10397,3
2020-03-31 00:00:00.0,2019,10398,4
2020-03-31 00:00:00.0,2019,10399,2
2020-03-31 00:00:00.0,2019,10400,3
2020-03-31 00:00:00.0,2019,10400,5
2017-03-31 00:00:00.0,2016,10063,3
2017-03-31 00:00:00.0,2016,10064,1
2017-03-31 00:00:00.0,2016,10065,4
2017-03-31 00:00:00.0,2016,10066,4
2017-03-31 00:00:00.0,2016,10069,3
2017-03-31 00:00:00.0,2016,10072,2
2017-03-31 00:00:00.0,2016,10073,2
2017-03-31 00:00:00.0,2016,10074,3
2017-03-31 00:00:00.0,2016,10077,3
2017-03-31 00:00:00.0,2016,10078,3
2017-03-31 00:00:00.0,2016,10079,3
2017-03-31 00:00:00.0,2016,10081,3
2017-03-31 00:00:00.0,2016,10085,2
2017-03-31 00:00:00.0,2016,10087,3
2017-03-31 00:00:00.0,2016,10088,2
2017-03-31 00:00:00.0,2016,10094,1
2017-03-31 00:00:00.0,2016,10095,2
2019-03-31 00:00:00.0,2018,10745,4
2019-03-31 00:00:00.0,2018,10746,4
2019-03-31 00:00:00.0,2018,10070,4
2019-03-31 00:00:00.0,2018,10072,2
2019-03-31 00:00:00.0,2018,10073,3
2019-03-31 00:00:00.0,2018,10074,4
2019-03-31 00:00:00.0,2018,10075,2
2019-03-31 00:00:00.0,2018,10076,2
2019-03-31 00:00:00.0,2018,10077,3
2019-03-31 00:00:00.0,2018,10078,4
2019-03-31 00:00:00.0,2018,10079,3
2017-03-31 00:00:00.0,2016,10570,4
2017-03-31 00:00:00.0,2016,10572,3
2017-03-31 00:00:00.0,2016,10576,2
2017-03-31 00:00:00.0,2016,10577,3
2017-03-31 00:00:00.0,2016,10579,2
2017-03-31 00:00:00.0,2016,10582,2
2017-03-31 00:00:00.0,2016,10583,3
2017-03-31 00:00:00.0,2016,10584,2
2017-03-31 00:00:00.0,2016,10585,3
2017-03-31 00:00:00.0,2016,10586,3
2017-03-31 00:00:00.0,2016,10588,1
2017-03-31 00:00:00.0,2016,10590,1
2017-03-31 00:00:00.0,2016,10592,4
2017-03-31 00:00:00.0,2016,10598,3
2017-03-31 00:00:00.0,2016,10599,3
2017-03-31 00:00:00.0,2016,10601,3
2017-03-31 00:00:00.0,2016,10602,2
2017-03-31 00:00:00.0,2016,10607,3
2017-03-31 00:00:00.0,2016,10609,3
2017-03-31 00:00:00.0,2016,10610,2
2017-03-31 00:00:00.0,2016,10612,4
2017-03-31 00:00:00.0,2016,10613,2
2017-03-31 00:00:00.0,2016,10614,3
2020-03-31 00:00:00.0,2019,10461,4
2020-03-31 00:00:00.0,2019,10462,4
2020-03-31 00:00:00.0,2019,10463,2
2020-03-31 00:00:00.0,2019,10464,3
2020-03-31 00:00:00.0,2019,10465,2
2020-03-31 00:00:00.0,2019,10466,1
2020-03-31 00:00:00.0,2019,10467,5
2020-03-31 00:00:00.0,2019,10468,3
2020-03-31 00:00:00.0,2019,10469,2
2020-03-31 00:00:00.0,2019,10470,3
2020-03-31 00:00:00.0,2019,10471,3
2020-03-31 00:00:00.0,2019,10472,3
2020-03-31 00:00:00.0,2019,10473,4
2020-03-31 00:00:00.0,2019,10475,4
2020-03-31 00:00:00.0,2019,10476,3
2017-03-31 00:00:00.0,2016,10559,2
2017-03-31 00:00:00.0,2016,10560,2
2017-03-31 00:00:00.0,2016,10563,3
2017-03-31 00:00:00.0,2016,10565,3
2017-03-31 00:00:00.0,2016,10568,1
2018-03-31 00:00:00.0,2017,10045,4
2018-03-31 00:00:00.0,2017,10046,2
2018-03-31 00:00:00.0,2017,10047,3
2018-03-31 00:00:00.0,2017,10048,4
2018-03-31 00:00:00.0,2017,10049,2
2018-03-31 00:00:00.0,2017,10050,2
2018-03-31 00:00:00.0,2017,10051,3
2018-03-31 00:00:00.0,2017,10052,2
2018-03-31 00:00:00.0,2017,10053,2
2018-03-31 00:00:00.0,2017,10054,3
2018-03-31 00:00:00.0,2017,10055,3
2018-03-31 00:00:00.0,2017,10056,4
2018-03-31 00:00:00.0,2017,10057,2
2018-03-31 00:00:00.0,2017,10058,3
2018-03-31 00:00:00.0,2017,10059,4
2018-03-31 00:00:00.0,2017,10060,4
2018-03-31 00:00:00.0,2017,10061,2
2018-03-31 00:00:00.0,2017,10062,3
2018-03-31 00:00:00.0,2017,10063,3
2018-03-31 00:00:00.0,2017,10064,2
2018-03-31 00:00:00.0,2017,10065,4
2018-03-31 00:00:00.0,2017,10066,4
2018-03-31 00:00:00.0,2017,10067,2
2018-03-31 00:00:00.0,2017,10348,3
2018-03-31 00:00:00.0,2017,10349,3
2018-03-31 00:00:00.0,2017,10350,3
2018-03-31 00:00:00.0,2017,10351,3
2018-03-31 00:00:00.0,2017,10354,3
2018-03-31 00:00:00.0,2017,10356,3
2018-03-31 00:00:00.0,2017,10357,3
2018-03-31 00:00:00.0,2017,10358,2
2018-03-31 00:00:00.0,2017,10362,3
2018-03-31 00:00:00.0,2017,10363,3
2018-03-31 00:00:00.0,2017,10369,4
2018-03-31 00:00:00.0,2017,10370,4
2018-03-31 00:00:00.0,2017,10371,3
2018-03-31 00:00:00.0,2017,10372,2
2018-03-31 00:00:00.0,2017,10373,3
2018-03-31 00:00:00.0,2017,10375,4
2018-03-31 00:00:00.0,2017,10376,2
2018-03-31 00:00:00.0,2017,10377,3
2018-03-31 00:00:00.0,2017,10378,2
2019-03-31 00:00:00.0,2018,10099,4
2019-03-31 00:00:00.0,2018,10100,5
2019-03-31 00:00:00.0,2018,10101,4
2019-03-31 00:00:00.0,2018,10102,1
2019-03-31 00:00:00.0,2018,10103,4
2019-03-31 00:00:00.0,2018,10104,3
2019-03-31 00:00:00.0,2018,10105,5
2019-03-31 00:00:00.0,2018,10106,4
2019-03-31 00:00:00.0,2018,10107,4
2019-03-31 00:00:00.0,2018,10142,4
2019-03-31 00:00:00.0,2018,10144,3
2019-03-31 00:00:00.0,2018,10150,2
2019-03-31 00:00:00.0,2018,10152,2
2019-03-31 00:00:00.0,2018,10153,3
2019-03-31 00:00:00.0,2018,10154,3
2019-03-31 00:00:00.0,2018,10155,3
2019-03-31 00:00:00.0,2018,10158,4
2019-03-31 00:00:00.0,2018,10162,3
2019-03-31 00:00:00.0,2018,10164,3
2019-03-31 00:00:00.0,2018,10165,3
2019-03-31 00:00:00.0,2018,10170,2
2019-03-31 00:00:00.0,2018,10171,5
2019-03-31 00:00:00.0,2018,10172,3
2019-03-31 00:00:00.0,2018,10173,2
2019-03-31 00:00:00.0,2018,10174,4
2019-03-31 00:00:00.0,2018,10176,2
2019-03-31 00:00:00.0,2018,10177,3
2019-03-31 00:00:00.0,2018,10178,2
2019-03-31 00:00:00.0,2018,10179,3
2019-03-31 00:00:00.0,2018,10180,2
2019-03-31 00:00:00.0,2018,10181,4
2019-03-31 00:00:00.0,2018,10182,3
2019-03-31 00:00:00.0,2018,10254,4
2019-03-31 00:00:00.0,2018,10255,2
2019-03-31 00:00:00.0,2018,10256,2
2019-03-31 00:00:00.0,2018,10258,3
2019-03-31 00:00:00.0,2018,10259,3
2019-03-31 00:00:00.0,2018,10261,3
2019-03-31 00:00:00.0,2018,10265,2
2019-03-31 00:00:00.0,2018,10267,3
2019-03-31 00:00:00.0,2018,10270,4
2019-03-31 00:00:00.0,2018,10271,1
2019-03-31 00:00:00.0,2018,10272,2
2019-03-31 00:00:00.0,2018,10278,4
2019-03-31 00:00:00.0,2018,10281,4
2019-03-31 00:00:00.0,2018,10287,3
2019-03-31 00:00:00.0,2018,10288,2
2017-03-31 00:00:00.0,2016,10717,2
2017-03-31 00:00:00.0,2016,10718,3
2017-03-31 00:00:00.0,2016,10719,4
2017-03-31 00:00:00.0,2016,10722,4
2017-03-31 00:00:00.0,2016,10723,3
2017-03-31 00:00:00.0,2016,10725,5
2017-03-31 00:00:00.0,2016,10726,1
2017-03-31 00:00:00.0,2016,10730,1
2017-03-31 00:00:00.0,2016,10731,3
2017-03-31 00:00:00.0,2016,10736,3
2017-03-31 00:00:00.0,2016,10738,1
2018-03-31 00:00:00.0,2017,10150,2
2018-03-31 00:00:00.0,2017,10153,2
2018-03-31 00:00:00.0,2017,10154,4
2018-03-31 00:00:00.0,2017,10162,2
2018-03-31 00:00:00.0,2017,10164,5
2018-03-31 00:00:00.0,2017,10165,5
2018-03-31 00:00:00.0,2017,10171,5
2018-03-31 00:00:00.0,2017,10172,2
2018-03-31 00:00:00.0,2017,10177,3
2018-03-31 00:00:00.0,2017,10178,3
2018-03-31 00:00:00.0,2017,10179,3
2018-03-31 00:00:00.0,2017,10180,2
2018-03-31 00:00:00.0,2017,10181,4
2018-03-31 00:00:00.0,2017,10182,4
2018-03-31 00:00:00.0,2017,10183,2
2018-03-31 00:00:00.0,2017,10184,2
2018-03-31 00:00:00.0,2017,10185,4
2018-03-31 00:00:00.0,2017,10189,4
2018-03-31 00:00:00.0,2017,10197,2
2018-03-31 00:00:00.0,2017,10198,3
2018-03-31 00:00:00.0,2017,10199,2
2018-03-31 00:00:00.0,2017,10200,2
2018-03-31 00:00:00.0,2017,10201,3
2018-03-31 00:00:00.0,2017,10415,3
2018-03-31 00:00:00.0,2017,10416,3
2018-03-31 00:00:00.0,2017,10418,1
2018-03-31 00:00:00.0,2017,10419,3
2018-03-31 00:00:00.0,2017,10420,2
2018-03-31 00:00:00.0,2017,10421,3
2018-03-31 00:00:00.0,2017,10423,3
2018-03-31 00:00:00.0,2017,10427,4
2018-03-31 00:00:00.0,2017,10430,4
2018-03-31 00:00:00.0,2017,10431,2
2018-03-31 00:00:00.0,2017,10435,2
2018-03-31 00:00:00.0,2017,10436,3
2018-03-31 00:00:00.0,2017,10437,3
2018-03-31 00:00:00.0,2017,10734,3
2018-03-31 00:00:00.0,2017,10736,3
2018-03-31 00:00:00.0,2017,10738,1
2020-03-31 00:00:00.0,2019,10126,4
2020-03-31 00:00:00.0,2019,10127,4
2020-03-31 00:00:00.0,2019,10128,3
2020-03-31 00:00:00.0,2019,10129,3
2020-03-31 00:00:00.0,2019,10131,3
2020-03-31 00:00:00.0,2019,10132,3
2020-03-31 00:00:00.0,2019,10200,2
2020-03-31 00:00:00.0,2019,10201,3
2020-03-31 00:00:00.0,2019,10202,4
2020-03-31 00:00:00.0,2019,10203,3
2020-03-31 00:00:00.0,2019,10204,1
2020-03-31 00:00:00.0,2019,10206,3
2020-03-31 00:00:00.0,2019,10207,5
2020-03-31 00:00:00.0,2019,10208,4
2020-03-31 00:00:00.0,2019,10209,2
2020-03-31 00:00:00.0,2019,10210,2
2020-03-31 00:00:00.0,2019,10211,3
2020-03-31 00:00:00.0,2019,10212,2
2020-03-31 00:00:00.0,2019,10214,4
2020-03-31 00:00:00.0,2019,10215,2
2020-03-31 00:00:00.0,2019,10216,3
2020-03-31 00:00:00.0,2019,10217,5
2020-03-31 00:00:00.0,2019,10219,3
2020-03-31 00:00:00.0,2019,10220,2
2020-03-31 00:00:00.0,2019,10221,4
2020-03-31 00:00:00.0,2019,10223,3
2020-03-31 00:00:00.0,2019,10224,4
2020-03-31 00:00:00.0,2019,10225,3
2020-03-31 00:00:00.0,2019,10227,4
2020-03-31 00:00:00.0,2019,10621,4
2020-03-31 00:00:00.0,2019,10622,2
2020-03-31 00:00:00.0,2019,10623,1
2020-03-31 00:00:00.0,2019,10624,3
2020-03-31 00:00:00.0,2019,10625,4
2020-03-31 00:00:00.0,2019,10626,3
2020-03-31 00:00:00.0,2019,10629,2
2020-03-31 00:00:00.0,2019,10630,4
2020-03-31 00:00:00.0,2019,10631,4
2020-03-31 00:00:00.0,2019,10632,3
2020-03-31 00:00:00.0,2019,10633,1
2020-03-31 00:00:00.0,2019,10634,1
2020-03-31 00:00:00.0,2019,10635,4
2020-03-31 00:00:00.0,2019,10638,4
2020-03-31 00:00:00.0,2019,10639,2
2020-03-31 00:00:00.0,2019,10640,2
2020-03-31 00:00:00.0,2019,10641,3
2020-03-31 00:00:00.0,2019,10642,3
2020-03-31 00:00:00.0,2019,10531,4
2020-03-31 00:00:00.0,2019,10532,2
2020-03-31 00:00:00.0,2019,10563,4
2020-03-31 00:00:00.0,2019,10564,4
2020-03-31 00:00:00.0,2019,10565,3
2020-03-31 00:00:00.0,2019,10567,3
2020-03-31 00:00:00.0,2019,10568,3
2020-03-31 00:00:00.0,2019,10569,4
2020-03-31 00:00:00.0,2019,10570,5
2020-03-31 00:00:00.0,2019,10571,1
2020-03-31 00:00:00.0,2019,10572,3
2020-03-31 00:00:00.0,2019,10573,3
2020-03-31 00:00:00.0,2019,10575,4
2020-03-31 00:00:00.0,2019,10576,3
2020-03-31 00:00:00.0,2019,10577,3
2020-03-31 00:00:00.0,2019,10579,3
2020-03-31 00:00:00.0,2019,10582,3
2020-03-31 00:00:00.0,2019,10583,3
2020-03-31 00:00:00.0,2019,10584,3
2020-03-31 00:00:00.0,2019,10585,3
2020-03-31 00:00:00.0,2019,10586,4
2020-03-31 00:00:00.0,2019,10587,3
2020-03-31 00:00:00.0,2019,10588,3
2020-03-31 00:00:00.0,2019,10589,2
2020-03-31 00:00:00.0,2019,10590,1
2020-03-31 00:00:00.0,2019,10650,2
2020-03-31 00:00:00.0,2019,10651,5
2020-03-31 00:00:00.0,2019,10652,3
2020-03-31 00:00:00.0,2019,10653,3
2020-03-31 00:00:00.0,2019,10654,4
2020-03-31 00:00:00.0,2019,10655,4
2020-03-31 00:00:00.0,2019,10660,5
2020-03-31 00:00:00.0,2019,10662,4
2020-03-31 00:00:00.0,2019,10677,3
2020-03-31 00:00:00.0,2019,10679,3
2020-03-31 00:00:00.0,2019,10680,2
2020-03-31 00:00:00.0,2019,10685,3
2020-03-31 00:00:00.0,2019,10686,1
2020-03-31 00:00:00.0,2019,10690,4
2020-03-31 00:00:00.0,2019,10695,3
2020-03-31 00:00:00.0,2019,10700,2
2020-03-31 00:00:00.0,2019,10710,4
2020-03-31 00:00:00.0,2019,10715,3
2020-03-31 00:00:00.0,2019,10716,3
2020-03-31 00:00:00.0,2019,10718,3
2020-03-31 00:00:00.0,2019,10719,5
2020-03-31 00:00:00.0,2019,10720,3
2017-03-31 00:00:00.0,2016,10249,1
2017-03-31 00:00:00.0,2016,10251,3
2017-03-31 00:00:00.0,2016,10252,4
2017-03-31 00:00:00.0,2016,10253,3
2017-03-31 00:00:00.0,2016,10254,3
2017-03-31 00:00:00.0,2016,10255,2
2017-03-31 00:00:00.0,2016,10256,2
2017-03-31 00:00:00.0,2016,10267,3
2017-03-31 00:00:00.0,2016,10272,1
2017-03-31 00:00:00.0,2016,10278,4
2017-03-31 00:00:00.0,2016,10288,2
2017-03-31 00:00:00.0,2016,10293,2
2017-03-31 00:00:00.0,2016,10449,3
2017-03-31 00:00:00.0,2016,10452,2
2017-03-31 00:00:00.0,2016,10456,2
2017-03-31 00:00:00.0,2016,10458,3
2017-03-31 00:00:00.0,2016,10460,2
2017-03-31 00:00:00.0,2016,10461,3
2017-03-31 00:00:00.0,2016,10463,2
2017-03-31 00:00:00.0,2016,10467,3
2017-03-31 00:00:00.0,2016,10468,2
2017-03-31 00:00:00.0,2016,10469,2
2017-03-31 00:00:00.0,2016,10470,3
2017-03-31 00:00:00.0,2016,10472,4
2017-03-31 00:00:00.0,2016,10473,3
2017-03-31 00:00:00.0,2016,10475,4
2017-03-31 00:00:00.0,2016,10476,1
2017-03-31 00:00:00.0,2016,10477,3
2017-03-31 00:00:00.0,2016,10481,3
2017-03-31 00:00:00.0,2016,10482,3
2017-03-31 00:00:00.0,2016,10486,2
2017-03-31 00:00:00.0,2016,10487,2
2017-03-31 00:00:00.0,2016,10490,3
2017-03-31 00:00:00.0,2016,10494,2
2017-03-31 00:00:00.0,2016,10498,3
2017-03-31 00:00:00.0,2016,10702,3
2017-03-31 00:00:00.0,2016,10703,3
2017-03-31 00:00:00.0,2016,10704,1
2017-03-31 00:00:00.0,2016,10706,3
2017-03-31 00:00:00.0,2016,10707,3
2017-03-31 00:00:00.0,2016,10708,3
2017-03-31 00:00:00.0,2016,10709,3
2017-03-31 00:00:00.0,2016,10711,5
2017-03-31 00:00:00.0,2016,10712,2
2017-03-31 00:00:00.0,2016,10714,1
2017-03-31 00:00:00.0,2016,10715,2
2017-03-31 00:00:00.0,2016,10716,3
2020-03-31 00:00:00.0,2019,10477,4
2020-03-31 00:00:00.0,2019,10480,2
2020-03-31 00:00:00.0,2019,10481,3
2020-03-31 00:00:00.0,2019,10482,4
2020-03-31 00:00:00.0,2019,10483,4
2020-03-31 00:00:00.0,2019,10484,2
2020-03-31 00:00:00.0,2019,10486,2
2020-03-31 00:00:00.0,2019,10487,3
2018-03-31 00:00:00.0,2017,10741,3
2018-03-31 00:00:00.0,2017,10743,3
2018-03-31 00:00:00.0,2017,10745,4
2018-03-31 00:00:00.0,2017,10747,3
2018-03-31 00:00:00.0,2017,10751,1
2018-03-31 00:00:00.0,2017,10754,4
2018-03-31 00:00:00.0,2017,10755,3
2018-03-31 00:00:00.0,2017,10757,3
2018-03-31 00:00:00.0,2017,10758,1
2018-03-31 00:00:00.0,2017,10759,4
2018-03-31 00:00:00.0,2017,10760,2
2018-03-31 00:00:00.0,2017,10761,3
2018-03-31 00:00:00.0,2017,10764,2
2018-03-31 00:00:00.0,2017,10765,3
2018-03-31 00:00:00.0,2017,10766,4
2018-03-31 00:00:00.0,2017,10767,3
2018-03-31 00:00:00.0,2017,10768,2
2018-03-31 00:00:00.0,2017,10777,4
2018-03-31 00:00:00.0,2017,10778,2
2018-03-31 00:00:00.0,2017,10779,4
2018-03-31 00:00:00.0,2017,10781,5
2018-03-31 00:00:00.0,2017,10782,1
2018-03-31 00:00:00.0,2017,10783,4
2019-03-31 00:00:00.0,2018,10021,3
2019-03-31 00:00:00.0,2018,10022,4
2019-03-31 00:00:00.0,2018,10023,3
2019-03-31 00:00:00.0,2018,10024,2
2019-03-31 00:00:00.0,2018,10025,3
2019-03-31 00:00:00.0,2018,10026,3
2019-03-31 00:00:00.0,2018,10027,2
2019-03-31 00:00:00.0,2018,10028,3
2019-03-31 00:00:00.0,2018,10029,3
2019-03-31 00:00:00.0,2018,10030,4
2019-03-31 00:00:00.0,2018,10043,4
2019-03-31 00:00:00.0,2018,10044,4
2019-03-31 00:00:00.0,2018,10045,3
2019-03-31 00:00:00.0,2018,10046,2
2019-03-31 00:00:00.0,2018,10047,3
2019-03-31 00:00:00.0,2018,10048,4
2018-03-31 00:00:00.0,2017,10379,3
2018-03-31 00:00:00.0,2017,10381,1
2018-03-31 00:00:00.0,2017,10383,2
2018-03-31 00:00:00.0,2017,10384,4
2020-03-31 00:00:00.0,2019,10488,3
2020-03-31 00:00:00.0,2019,10490,3
2020-03-31 00:00:00.0,2019,10491,3
2020-03-31 00:00:00.0,2019,10493,3
2020-03-31 00:00:00.0,2019,10494,3
2020-03-31 00:00:00.0,2019,10498,2
2020-03-31 00:00:00.0,2019,10500,2
2020-03-31 00:00:00.0,2019,10501,3
2020-03-31 00:00:00.0,2019,10502,4
2020-03-31 00:00:00.0,2019,10503,3
2020-03-31 00:00:00.0,2019,10504,2
2020-03-31 00:00:00.0,2019,10505,4
2020-03-31 00:00:00.0,2019,10507,5
2020-03-31 00:00:00.0,2019,10508,3
2020-03-31 00:00:00.0,2019,10510,2
2020-03-31 00:00:00.0,2019,10511,4
2020-03-31 00:00:00.0,2019,10512,3
2020-03-31 00:00:00.0,2019,10514,2
2020-03-31 00:00:00.0,2019,10515,1
2020-03-31 00:00:00.0,2019,10516,3
2020-03-31 00:00:00.0,2019,10517,3
2020-03-31 00:00:00.0,2019,10518,4
2020-03-31 00:00:00.0,2019,10519,3
2018-03-31 00:00:00.0,2017,10703,3
2018-03-31 00:00:00.0,2017,10704,2
2018-03-31 00:00:00.0,2017,10707,3
2018-03-31 00:00:00.0,2017,10709,3
2018-03-31 00:00:00.0,2017,10711,5
2018-03-31 00:00:00.0,2017,10712,4
2018-03-31 00:00:00.0,2017,10713,2
2018-03-31 00:00:00.0,2017,10714,1
2018-03-31 00:00:00.0,2017,10715,2
2018-03-31 00:00:00.0,2017,10716,4
2018-03-31 00:00:00.0,2017,10717,4
2018-03-31 00:00:00.0,2017,10718,4
2018-03-31 00:00:00.0,2017,10719,4
2018-03-31 00:00:00.0,2017,10720,2
2018-03-31 00:00:00.0,2017,10721,2
2018-03-31 00:00:00.0,2017,10722,4
2018-03-31 00:00:00.0,2017,10723,3
2018-03-31 00:00:00.0,2017,10725,5
2018-03-31 00:00:00.0,2017,10726,2
2018-03-31 00:00:00.0,2017,10731,4
2017-03-31 00:00:00.0,2016,10097,1
2017-03-31 00:00:00.0,2016,10098,3
2017-03-31 00:00:00.0,2016,10099,4
2017-03-31 00:00:00.0,2016,10100,4
2017-03-31 00:00:00.0,2016,10101,4
2017-03-31 00:00:00.0,2016,10102,1
2017-03-31 00:00:00.0,2016,10295,3
2017-03-31 00:00:00.0,2016,10296,2
2017-03-31 00:00:00.0,2016,10302,3
2017-03-31 00:00:00.0,2016,10303,3
2017-03-31 00:00:00.0,2016,10304,2
2017-03-31 00:00:00.0,2016,10305,4
2017-03-31 00:00:00.0,2016,10306,3
2017-03-31 00:00:00.0,2016,10311,3
2017-03-31 00:00:00.0,2016,10313,2
2017-03-31 00:00:00.0,2016,10323,2
2017-03-31 00:00:00.0,2016,10327,3
2017-03-31 00:00:00.0,2016,10328,2
2017-03-31 00:00:00.0,2016,10329,3
2017-03-31 00:00:00.0,2016,10333,2
2017-03-31 00:00:00.0,2016,10338,4
2017-03-31 00:00:00.0,2016,10339,2
2017-03-31 00:00:00.0,2016,10341,3
2017-03-31 00:00:00.0,2016,10343,3
2017-03-31 00:00:00.0,2016,10345,3
2017-03-31 00:00:00.0,2016,10350,3
2017-03-31 00:00:00.0,2016,10351,3
2017-03-31 00:00:00.0,2016,10357,3
2017-03-31 00:00:00.0,2016,10362,3
2017-03-31 00:00:00.0,2016,10500,2
2017-03-31 00:00:00.0,2016,10502,3
2017-03-31 00:00:00.0,2016,10503,3
2017-03-31 00:00:00.0,2016,10505,3
2017-03-31 00:00:00.0,2016,10507,3
2017-03-31 00:00:00.0,2016,10508,1
2017-03-31 00:00:00.0,2016,10510,2
2017-03-31 00:00:00.0,2016,10514,2
2017-03-31 00:00:00.0,2016,10516,2
2017-03-31 00:00:00.0,2016,10538,3
2017-03-31 00:00:00.0,2016,10539,3
2017-03-31 00:00:00.0,2016,10540,2
2017-03-31 00:00:00.0,2016,10541,3
2017-03-31 00:00:00.0,2016,10542,1
2017-03-31 00:00:00.0,2016,10544,3
2017-03-31 00:00:00.0,2016,10545,3
2017-03-31 00:00:00.0,2016,10546,3
2017-03-31 00:00:00.0,2016,10551,3
