RECRUITMENT_CODE,POSITION_POSTING_DATE,ORGANIZATION_CODE,BRANCH_CODE,POSITION_CODE,POSITION_FILLED_DATE,RECRUITMENT_MEDIUM_CODE,POSITION_START_DATE
5236,2017-05-27 00:00:00.0,7740,7,2500,2017-06-17 00:00:00.0,400,2017-06-28 00:00:00.0
5237,2017-07-13 00:00:00.0,5740,9,2500,2017-08-09 00:00:00.0,150,2017-08-20 00:00:00.0
5238,2019-03-02 00:00:00.0,6740,14,2500,2019-04-03 00:00:00.0,200,2019-04-10 00:00:00.0
5239,2017-03-05 00:00:00.0,5740,15,2500,2017-04-02 00:00:00.0,500,2017-04-12 00:00:00.0
5240,2019-04-03 00:00:00.0,5740,15,2500,2019-04-25 00:00:00.0,200,2019-05-05 00:00:00.0
5246,2020-01-10 00:00:00.0,6740,35,2500,2020-03-01 00:00:00.0,700,2020-03-06 00:00:00.0
5247,2020-01-19 00:00:00.0,6740,35,2500,2020-02-26 00:00:00.0,151,2020-03-08 00:00:00.0
5248,2019-02-17 00:00:00.0,6740,37,2500,2019-03-29 00:00:00.0,150,2019-04-03 00:00:00.0
5249,2019-01-30 00:00:00.0,8740,40,2500,2019-03-07 00:00:00.0,700,2019-03-16 00:00:00.0
5250,2020-01-15 00:00:00.0,8740,40,2500,2020-02-26 00:00:00.0,100,2020-03-05 00:00:00.0
5371,2018-06-13 00:00:00.0,028,28,5500,2018-08-01 00:00:00.0,700,2018-08-04 00:00:00.0
5372,2018-06-20 00:00:00.0,028,28,5500,2018-08-01 00:00:00.0,101,2018-08-12 00:00:00.0
5373,2020-01-01 00:00:00.0,028,28,5500,2020-01-22 00:00:00.0,500,2020-02-02 00:00:00.0
5374,2020-02-26 00:00:00.0,028,28,5500,2020-04-16 00:00:00.0,200,2020-04-19 00:00:00.0
5375,2018-10-28 00:00:00.0,029,29,5500,2018-11-24 00:00:00.0,700,2018-11-29 00:00:00.0
5381,2019-09-06 00:00:00.0,031,31,5500,2019-10-11 00:00:00.0,300,2019-10-16 00:00:00.0
5382,2017-10-04 00:00:00.0,032,32,5500,2017-11-22 00:00:00.0,200,2017-11-26 00:00:00.0
5383,2017-11-19 00:00:00.0,035,35,5500,2017-12-13 00:00:00.0,700,2017-12-22 00:00:00.0
5384,2018-01-14 00:00:00.0,035,35,5500,2018-02-17 00:00:00.0,300,2018-03-01 00:00:00.0
5385,2020-01-29 00:00:00.0,036,36,5500,2020-03-05 00:00:00.0,700,2020-03-13 00:00:00.0
5471,2020-05-14 00:00:00.0,4710,34,3700,2020-06-11 00:00:00.0,101,2020-06-22 00:00:00.0
5472,2019-05-02 00:00:00.0,6710,37,3700,2019-06-05 00:00:00.0,151,2019-06-12 00:00:00.0
5473,2019-05-31 00:00:00.0,6710,37,3700,2019-06-22 00:00:00.0,800,2019-07-03 00:00:00.0
5474,2018-07-28 00:00:00.0,7710,39,3700,2018-08-29 00:00:00.0,200,2018-09-09 00:00:00.0
5475,2017-08-05 00:00:00.0,8710,40,3700,2017-09-06 00:00:00.0,200,2017-09-16 00:00:00.0
5481,2020-02-28 00:00:00.0,8710,40,3600,2020-03-22 00:00:00.0,151,2020-04-02 00:00:00.0
5482,2019-08-04 00:00:00.0,4710,33,3600,2019-09-15 00:00:00.0,501,2019-09-20 00:00:00.0
5483,2017-06-18 00:00:00.0,1710,24,3500,2017-07-15 00:00:00.0,700,2017-07-23 00:00:00.0
5484,2017-12-15 00:00:00.0,6710,37,3500,2018-01-18 00:00:00.0,101,2018-01-28 00:00:00.0
5485,2017-12-15 00:00:00.0,4710,33,3500,2018-01-24 00:00:00.0,501,2018-02-01 00:00:00.0
5536,2019-09-11 00:00:00.0,5810,15,4800,2019-10-18 00:00:00.0,500,2019-10-24 00:00:00.0
5537,2020-03-12 00:00:00.0,1810,17,4800,2020-04-13 00:00:00.0,100,2020-04-18 00:00:00.0
5538,2018-02-14 00:00:00.0,1810,19,4800,2018-03-11 00:00:00.0,101,2018-03-24 00:00:00.0
5539,2020-01-15 00:00:00.0,1810,19,4800,2020-02-15 00:00:00.0,800,2020-02-27 00:00:00.0
5540,2020-03-30 00:00:00.0,1810,19,4800,2020-04-19 00:00:00.0,101,2020-05-01 00:00:00.0
5546,2020-04-09 00:00:00.0,4810,28,4800,2020-05-07 00:00:00.0,800,2020-05-21 00:00:00.0
5547,2017-01-05 00:00:00.0,4810,34,4800,2017-01-26 00:00:00.0,200,2017-02-05 00:00:00.0
5548,2019-02-15 00:00:00.0,4810,34,4800,2019-03-09 00:00:00.0,151,2019-03-17 00:00:00.0
5549,2020-01-08 00:00:00.0,4810,34,4800,2020-02-08 00:00:00.0,200,2020-02-14 00:00:00.0
5550,2020-04-09 00:00:00.0,4810,34,4800,2020-05-04 00:00:00.0,151,2020-05-18 00:00:00.0
5616,2020-07-09 00:00:00.0,026,26,5500,0001-01-01 00:00:00.0,900,2020-09-03 00:00:00.0
5617,2020-07-24 00:00:00.0,032,32,5500,0001-01-01 00:00:00.0,900,2020-09-03 00:00:00.0
5618,2020-07-23 00:00:00.0,033,33,5500,0001-01-01 00:00:00.0,900,2020-09-10 00:00:00.0
5619,2020-06-18 00:00:00.0,022,22,5600,2020-07-30 00:00:00.0,101,2020-08-06 00:00:00.0
5620,2020-07-05 00:00:00.0,006,6,5600,2020-07-26 00:00:00.0,700,2020-08-06 00:00:00.0
5626,2020-06-18 00:00:00.0,025,25,5700,0001-01-01 00:00:00.0,900,2020-09-03 00:00:00.0
5627,2020-06-13 00:00:00.0,028,28,5700,0001-01-01 00:00:00.0,900,2020-09-10 00:00:00.0
5628,2020-07-05 00:00:00.0,4810,28,5800,0001-01-01 00:00:00.0,900,2020-08-20 00:00:00.0
5629,2020-07-05 00:00:00.0,4810,26,5800,0001-01-01 00:00:00.0,900,2020-08-20 00:00:00.0
5630,2018-01-05 00:00:00.0,4820,28,5100,2018-01-25 00:00:00.0,100,2018-02-07 00:00:00.0
5340,2020-01-17 00:00:00.0,8810,40,4600,2020-04-02 00:00:00.0,700,2020-04-10 00:00:00.0
5346,2018-10-17 00:00:00.0,5730,9,4000,2018-11-11 00:00:00.0,300,2018-11-25 00:00:00.0
5347,2018-10-17 00:00:00.0,6730,14,4000,2018-11-22 00:00:00.0,151,2018-12-05 00:00:00.0
5348,2019-12-07 00:00:00.0,5730,15,4000,2020-01-10 00:00:00.0,100,2020-01-23 00:00:00.0
5349,2019-07-10 00:00:00.0,4730,28,4000,2019-08-21 00:00:00.0,200,2019-09-01 00:00:00.0
5350,2017-09-14 00:00:00.0,5730,31,4000,2017-11-01 00:00:00.0,200,2017-11-08 00:00:00.0
5356,2018-11-10 00:00:00.0,8730,40,4000,2018-12-05 00:00:00.0,101,2018-12-12 00:00:00.0
5357,2019-10-17 00:00:00.0,8730,40,4000,2019-11-15 00:00:00.0,200,2019-11-22 00:00:00.0
5358,2019-12-04 00:00:00.0,8730,40,4000,2020-01-04 00:00:00.0,300,2020-01-16 00:00:00.0
5359,2017-08-19 00:00:00.0,7760,39,3100,2017-10-26 00:00:00.0,160,2017-11-08 00:00:00.0
5440,2018-04-11 00:00:00.0,6750,6,4200,2018-05-31 00:00:00.0,100,2018-06-06 00:00:00.0
5446,2018-03-28 00:00:00.0,4750,28,4200,2018-06-08 00:00:00.0,800,2018-06-21 00:00:00.0
5447,2019-03-17 00:00:00.0,5750,31,4200,2019-05-29 00:00:00.0,101,2019-06-07 00:00:00.0
5448,2017-02-27 00:00:00.0,8750,40,4200,2017-05-18 00:00:00.0,160,2017-05-26 00:00:00.0
5449,2019-01-19 00:00:00.0,8750,40,4200,2019-03-21 00:00:00.0,150,2019-03-28 00:00:00.0
5450,2019-08-28 00:00:00.0,8750,40,4200,2019-10-26 00:00:00.0,101,2019-11-07 00:00:00.0
5456,2020-01-08 00:00:00.0,1740,19,2200,2020-02-05 00:00:00.0,500,2020-02-14 00:00:00.0
5457,2020-05-07 00:00:00.0,1740,24,2200,2020-06-11 00:00:00.0,800,2020-06-19 00:00:00.0
5458,2018-03-10 00:00:00.0,4740,28,2200,2018-04-20 00:00:00.0,101,2018-04-25 00:00:00.0
5459,2019-07-17 00:00:00.0,4740,28,2200,2019-09-04 00:00:00.0,100,2019-09-12 00:00:00.0
5520,2017-01-19 00:00:00.0,6760,23,3200,2017-03-09 00:00:00.0,300,2017-03-15 00:00:00.0
5531,2018-01-03 00:00:00.0,7810,7,4800,2018-01-20 00:00:00.0,700,2018-02-01 00:00:00.0
5532,2018-10-31 00:00:00.0,7810,7,4800,2018-12-02 00:00:00.0,300,2018-12-08 00:00:00.0
5533,2017-03-22 00:00:00.0,5810,15,4800,2017-04-27 00:00:00.0,700,2017-05-03 00:00:00.0
5534,2018-04-12 00:00:00.0,5810,15,4800,2018-05-06 00:00:00.0,200,2018-05-16 00:00:00.0
5535,2019-06-12 00:00:00.0,5810,15,4800,2019-06-29 00:00:00.0,700,2019-07-11 00:00:00.0
5541,2018-11-10 00:00:00.0,1810,21,4800,2018-12-05 00:00:00.0,400,2018-12-12 00:00:00.0
5542,2019-08-07 00:00:00.0,1810,21,4800,2019-09-11 00:00:00.0,800,2019-09-19 00:00:00.0
5543,2017-11-08 00:00:00.0,4810,28,4800,2018-02-07 00:00:00.0,170,2018-02-16 00:00:00.0
5544,2018-04-11 00:00:00.0,4810,28,4800,2018-05-16 00:00:00.0,700,2018-05-23 00:00:00.0
5605,2020-07-16 00:00:00.0,5820,31,5100,0001-01-01 00:00:00.0,900,2020-08-13 00:00:00.0
5611,2020-07-05 00:00:00.0,014,14,5500,0001-01-01 00:00:00.0,900,2020-08-06 00:00:00.0
5612,2020-06-18 00:00:00.0,036,36,5500,2020-07-25 00:00:00.0,500,2020-08-06 00:00:00.0
5613,2020-06-26 00:00:00.0,038,38,5500,2020-07-30 00:00:00.0,700,2020-08-06 00:00:00.0
5614,2020-06-19 00:00:00.0,040,40,5500,0001-01-01 00:00:00.0,900,2020-08-13 00:00:00.0
5615,2020-07-19 00:00:00.0,034,34,5500,0001-01-01 00:00:00.0,900,2020-09-03 00:00:00.0
5621,2020-06-07 00:00:00.0,039,39,5600,2020-07-24 00:00:00.0,151,2020-08-06 00:00:00.0
5622,2020-07-16 00:00:00.0,025,25,5600,0001-01-01 00:00:00.0,900,2020-09-03 00:00:00.0
5623,2020-05-10 00:00:00.0,023,23,5700,2020-07-30 00:00:00.0,200,2020-08-06 00:00:00.0
5624,2020-05-14 00:00:00.0,038,38,5700,2020-07-30 00:00:00.0,700,2020-08-06 00:00:00.0
5226,2020-04-23 00:00:00.0,7740,29,2400,2020-06-08 00:00:00.0,500,2020-06-19 00:00:00.0
5227,2018-05-26 00:00:00.0,4740,33,2400,2018-06-28 00:00:00.0,800,2018-07-04 00:00:00.0
5228,2018-06-30 00:00:00.0,4740,33,2400,2018-08-10 00:00:00.0,700,2018-08-23 00:00:00.0
5229,2019-03-23 00:00:00.0,6740,37,2400,2019-05-09 00:00:00.0,400,2019-05-15 00:00:00.0
5230,2020-02-08 00:00:00.0,6740,37,2400,2020-03-12 00:00:00.0,101,2020-03-20 00:00:00.0
5231,2017-01-09 00:00:00.0,8740,40,2400,2017-02-16 00:00:00.0,160,2017-02-24 00:00:00.0
5232,2017-02-09 00:00:00.0,8740,40,2400,2017-03-08 00:00:00.0,101,2017-03-19 00:00:00.0
5233,2017-11-29 00:00:00.0,8740,40,2400,2018-01-12 00:00:00.0,150,2018-01-18 00:00:00.0
5234,2018-11-07 00:00:00.0,8740,40,2400,2018-12-22 00:00:00.0,700,2019-01-04 00:00:00.0
5235,2020-04-05 00:00:00.0,8740,40,2400,2020-05-08 00:00:00.0,160,2020-05-22 00:00:00.0
5296,2017-08-30 00:00:00.0,1820,30,5000,2017-10-15 00:00:00.0,501,2017-10-26 00:00:00.0
5297,2019-03-16 00:00:00.0,7820,39,5000,2019-05-01 00:00:00.0,501,2019-05-08 00:00:00.0
5298,2020-03-16 00:00:00.0,7820,39,5000,2020-04-16 00:00:00.0,501,2020-04-20 00:00:00.0
5299,2020-05-09 00:00:00.0,6820,37,4900,2020-06-20 00:00:00.0,700,2020-06-26 00:00:00.0
5300,2020-03-06 00:00:00.0,7820,39,4900,2020-04-16 00:00:00.0,501,2020-04-20 00:00:00.0
5301,2019-07-10 00:00:00.0,8820,40,4900,2019-09-01 00:00:00.0,501,2019-09-14 00:00:00.0
5302,2019-04-07 00:00:00.0,7820,7,5100,2019-05-08 00:00:00.0,800,2019-05-16 00:00:00.0
5303,2019-06-20 00:00:00.0,7820,7,5100,2019-07-24 00:00:00.0,100,2019-07-31 00:00:00.0
5304,2018-02-28 00:00:00.0,5820,9,5100,2018-04-05 00:00:00.0,200,2018-04-13 00:00:00.0
5305,2018-03-01 00:00:00.0,5820,9,5100,2018-04-05 00:00:00.0,500,2018-04-13 00:00:00.0
5411,2017-08-09 00:00:00.0,035,35,5600,2017-09-06 00:00:00.0,100,2017-09-20 00:00:00.0
5412,2017-12-03 00:00:00.0,037,37,5600,2017-12-24 00:00:00.0,400,2018-01-06 00:00:00.0
5413,2018-10-31 00:00:00.0,037,37,5600,2018-11-29 00:00:00.0,500,2018-12-06 00:00:00.0
5414,2017-11-29 00:00:00.0,038,38,5600,2017-12-28 00:00:00.0,300,2018-01-07 00:00:00.0
5415,2020-04-30 00:00:00.0,038,38,5600,2020-05-21 00:00:00.0,300,2020-05-28 00:00:00.0
5421,2019-01-03 00:00:00.0,040,40,5600,2019-02-16 00:00:00.0,200,2019-02-23 00:00:00.0
5422,2020-02-20 00:00:00.0,040,40,5600,2020-03-23 00:00:00.0,500,2020-03-29 00:00:00.0
5423,2018-01-17 00:00:00.0,013,13,5700,2018-03-18 00:00:00.0,151,2018-03-30 00:00:00.0
5424,2020-04-20 00:00:00.0,013,13,5700,2020-05-28 00:00:00.0,160,2020-06-04 00:00:00.0
5425,2017-04-26 00:00:00.0,014,14,5700,2017-07-07 00:00:00.0,100,2017-07-13 00:00:00.0
5556,2018-09-19 00:00:00.0,8810,40,4800,2018-10-17 00:00:00.0,800,2018-10-28 00:00:00.0
5557,2019-01-30 00:00:00.0,8810,40,4800,2019-02-27 00:00:00.0,200,2019-03-08 00:00:00.0
5558,2019-10-23 00:00:00.0,8810,40,4800,2019-11-16 00:00:00.0,100,2019-11-27 00:00:00.0
5559,2020-01-04 00:00:00.0,8810,40,4800,2020-01-31 00:00:00.0,400,2020-02-06 00:00:00.0
5560,2020-07-16 00:00:00.0,033,33,5600,0001-01-01 00:00:00.0,900,2020-08-27 00:00:00.0
5566,2020-06-15 00:00:00.0,8740,40,2000,0001-01-01 00:00:00.0,900,2020-08-13 00:00:00.0
5567,2020-07-20 00:00:00.0,1740,24,2000,0001-01-01 00:00:00.0,900,2020-08-20 00:00:00.0
5568,2020-07-19 00:00:00.0,4740,34,2000,0001-01-01 00:00:00.0,900,2020-08-20 00:00:00.0
5569,2020-07-09 00:00:00.0,1740,24,2100,2020-07-31 00:00:00.0,101,2020-08-13 00:00:00.0
5570,2020-06-25 00:00:00.0,7740,29,2200,0001-01-01 00:00:00.0,900,2020-08-13 00:00:00.0
5380,2018-12-27 00:00:00.0,031,31,5500,2019-02-15 00:00:00.0,151,2019-02-20 00:00:00.0
5386,2017-11-29 00:00:00.0,037,37,5500,2017-12-31 00:00:00.0,500,2018-01-06 00:00:00.0
5387,2017-12-13 00:00:00.0,037,37,5500,2018-01-13 00:00:00.0,100,2018-01-18 00:00:00.0
5388,2018-10-13 00:00:00.0,037,37,5500,2018-12-05 00:00:00.0,200,2018-12-12 00:00:00.0
5389,2017-11-15 00:00:00.0,038,38,5500,2017-12-27 00:00:00.0,800,2018-01-07 00:00:00.0
5390,2017-05-03 00:00:00.0,040,40,5500,2017-05-31 00:00:00.0,800,2017-06-14 00:00:00.0
5396,2019-10-04 00:00:00.0,040,40,5500,2019-11-06 00:00:00.0,200,2019-11-09 00:00:00.0
5397,2020-03-05 00:00:00.0,040,40,5500,2020-04-02 00:00:00.0,200,2020-04-10 00:00:00.0
5398,2020-05-04 00:00:00.0,040,40,5500,2020-06-12 00:00:00.0,151,2020-06-18 00:00:00.0
5399,2017-02-27 00:00:00.0,007,7,5600,2017-03-22 00:00:00.0,100,2017-04-02 00:00:00.0
5565,2020-06-29 00:00:00.0,8760,40,3300,0001-01-01 00:00:00.0,900,2020-08-27 00:00:00.0
5571,2020-06-29 00:00:00.0,1740,30,2400,0001-01-01 00:00:00.0,900,2020-08-13 00:00:00.0
5572,2020-07-20 00:00:00.0,4740,28,2500,0001-01-01 00:00:00.0,900,2020-08-20 00:00:00.0
5573,2020-07-02 00:00:00.0,6760,13,3200,0001-01-01 00:00:00.0,900,2020-08-13 00:00:00.0
5574,2020-07-02 00:00:00.0,8760,40,3200,0001-01-01 00:00:00.0,900,2020-08-13 00:00:00.0
5575,2020-06-26 00:00:00.0,1760,24,3200,0001-01-01 00:00:00.0,900,2020-08-20 00:00:00.0
5581,2020-07-09 00:00:00.0,1710,17,3700,0001-01-01 00:00:00.0,900,2020-08-20 00:00:00.0
5582,2020-07-05 00:00:00.0,8730,40,3900,0001-01-01 00:00:00.0,900,2020-08-13 00:00:00.0
5583,2020-07-03 00:00:00.0,4730,34,3900,0001-01-01 00:00:00.0,900,2020-08-20 00:00:00.0
5584,2020-07-20 00:00:00.0,4730,33,4000,0001-01-01 00:00:00.0,900,2020-08-20 00:00:00.0
5251,2020-03-09 00:00:00.0,8740,40,2500,2020-04-06 00:00:00.0,101,2020-04-17 00:00:00.0
5252,2018-04-29 00:00:00.0,7740,7,2600,2018-05-20 00:00:00.0,100,2018-05-30 00:00:00.0
5253,2018-08-01 00:00:00.0,5740,9,2600,2018-08-23 00:00:00.0,400,2018-09-05 00:00:00.0
5254,2018-01-31 00:00:00.0,6740,13,2600,2018-02-18 00:00:00.0,101,2018-03-02 00:00:00.0
5255,2018-04-13 00:00:00.0,4740,28,2600,2018-05-03 00:00:00.0,700,2018-05-17 00:00:00.0
5256,2020-01-08 00:00:00.0,7740,29,2600,2020-01-29 00:00:00.0,800,2020-02-08 00:00:00.0
5257,2020-03-13 00:00:00.0,1740,30,2600,2020-04-10 00:00:00.0,800,2020-04-20 00:00:00.0
5258,2017-07-05 00:00:00.0,4740,33,2600,2017-08-02 00:00:00.0,100,2017-08-09 00:00:00.0
5259,2018-11-07 00:00:00.0,6740,35,2600,2018-12-07 00:00:00.0,151,2018-12-14 00:00:00.0
5260,2018-01-21 00:00:00.0,6740,38,2600,2018-02-28 00:00:00.0,100,2018-03-07 00:00:00.0
5351,2020-01-12 00:00:00.0,5730,31,4000,2020-02-26 00:00:00.0,200,2020-03-06 00:00:00.0
5352,2020-04-25 00:00:00.0,4730,34,4000,2020-05-31 00:00:00.0,100,2020-06-06 00:00:00.0
5353,2019-11-20 00:00:00.0,6730,35,4000,2020-01-01 00:00:00.0,800,2020-01-08 00:00:00.0
5354,2018-08-15 00:00:00.0,6730,37,4000,2018-09-13 00:00:00.0,300,2018-09-21 00:00:00.0
5355,2018-07-20 00:00:00.0,8730,40,4000,2018-08-11 00:00:00.0,800,2018-08-19 00:00:00.0
5361,2020-05-28 00:00:00.0,8760,40,3100,2020-06-18 00:00:00.0,501,2020-06-27 00:00:00.0
5362,2019-03-20 00:00:00.0,006,6,5500,2019-05-04 00:00:00.0,500,2019-05-10 00:00:00.0
5363,2018-05-20 00:00:00.0,009,9,5500,2018-06-21 00:00:00.0,300,2018-07-05 00:00:00.0
5364,2018-09-09 00:00:00.0,015,15,5500,2018-10-20 00:00:00.0,400,2018-10-27 00:00:00.0
5365,2018-12-26 00:00:00.0,015,15,5500,2019-01-13 00:00:00.0,101,2019-01-26 00:00:00.0
5431,2017-10-18 00:00:00.0,038,38,5700,2017-12-28 00:00:00.0,800,2018-01-06 00:00:00.0
5432,2017-10-22 00:00:00.0,038,38,5700,2017-12-30 00:00:00.0,100,2018-01-07 00:00:00.0
5433,2017-11-15 00:00:00.0,040,40,5700,2018-01-31 00:00:00.0,151,2018-02-10 00:00:00.0
5434,2018-05-11 00:00:00.0,040,40,5700,2018-06-13 00:00:00.0,400,2018-06-22 00:00:00.0
5435,2018-08-10 00:00:00.0,040,40,5700,2018-10-10 00:00:00.0,200,2018-10-20 00:00:00.0
5441,2020-03-29 00:00:00.0,6750,6,4200,2020-05-08 00:00:00.0,700,2020-05-22 00:00:00.0
5442,2018-10-12 00:00:00.0,5750,9,4200,2018-11-23 00:00:00.0,150,2018-11-28 00:00:00.0
5443,2017-01-09 00:00:00.0,1750,21,4200,2017-02-24 00:00:00.0,160,2017-03-03 00:00:00.0
5444,2017-12-23 00:00:00.0,4750,25,4200,2018-02-18 00:00:00.0,100,2018-02-23 00:00:00.0
5445,2019-06-26 00:00:00.0,4750,25,4200,2019-07-31 00:00:00.0,101,2019-08-08 00:00:00.0
5491,2017-01-30 00:00:00.0,8720,40,4300,2017-04-06 00:00:00.0,400,2017-04-19 00:00:00.0
5492,2018-07-19 00:00:00.0,1720,20,4300,2018-09-19 00:00:00.0,501,2018-09-26 00:00:00.0
5493,2018-08-01 00:00:00.0,5720,15,4400,2018-09-08 00:00:00.0,500,2018-09-13 00:00:00.0
5494,2017-01-22 00:00:00.0,1720,24,4400,2017-02-23 00:00:00.0,300,2017-03-02 00:00:00.0
5495,2018-05-17 00:00:00.0,4720,26,4400,2018-06-27 00:00:00.0,800,2018-07-01 00:00:00.0
5501,2018-12-16 00:00:00.0,6720,36,4400,2019-01-09 00:00:00.0,200,2019-01-16 00:00:00.0
5502,2018-02-02 00:00:00.0,6720,38,4400,2018-03-02 00:00:00.0,700,2018-03-14 00:00:00.0
5503,2019-10-10 00:00:00.0,6720,38,4400,2019-11-14 00:00:00.0,300,2019-11-21 00:00:00.0
5504,2018-01-24 00:00:00.0,8720,40,4400,2018-02-21 00:00:00.0,151,2018-03-04 00:00:00.0
5505,2017-06-28 00:00:00.0,7700,7,4500,2017-09-08 00:00:00.0,200,2017-09-16 00:00:00.0
5576,2020-07-20 00:00:00.0,4760,33,3200,0001-01-01 00:00:00.0,900,2020-08-20 00:00:00.0
5577,2020-06-27 00:00:00.0,8760,40,3300,2020-07-30 00:00:00.0,400,2020-08-13 00:00:00.0
5578,2020-07-02 00:00:00.0,1760,30,3300,0001-01-01 00:00:00.0,900,2020-08-20 00:00:00.0
5579,2020-07-02 00:00:00.0,4760,28,3300,0001-01-01 00:00:00.0,900,2020-08-20 00:00:00.0
5580,2020-07-09 00:00:00.0,4760,33,3400,0001-01-01 00:00:00.0,900,2020-08-20 00:00:00.0
5586,2020-06-29 00:00:00.0,006,6,4400,2020-07-30 00:00:00.0,151,2020-08-06 00:00:00.0
5587,2020-06-25 00:00:00.0,7720,7,4400,2020-07-23 00:00:00.0,151,2020-08-06 00:00:00.0
5588,2020-06-28 00:00:00.0,8720,40,4400,2020-07-26 00:00:00.0,151,2020-08-06 00:00:00.0
5589,2020-06-26 00:00:00.0,5720,31,4400,0001-01-01 00:00:00.0,900,2020-08-13 00:00:00.0
5590,2020-07-30 00:00:00.0,4720,25,4400,0001-01-01 00:00:00.0,900,2020-09-10 00:00:00.0
5320,2018-05-20 00:00:00.0,7820,39,5100,2018-06-16 00:00:00.0,700,2018-06-22 00:00:00.0
5326,2020-05-14 00:00:00.0,8820,40,5100,2020-06-04 00:00:00.0,300,2020-06-15 00:00:00.0
5327,2020-05-07 00:00:00.0,8820,40,5100,2020-06-06 00:00:00.0,800,2020-06-20 00:00:00.0
5328,2017-12-30 00:00:00.0,6800,6,5300,2018-02-09 00:00:00.0,100,2018-02-23 00:00:00.0
5329,2020-04-30 00:00:00.0,5800,15,5300,2020-06-20 00:00:00.0,800,2020-07-02 00:00:00.0
5330,2019-01-05 00:00:00.0,1800,21,5300,2019-02-08 00:00:00.0,160,2019-02-17 00:00:00.0
5336,2019-12-11 00:00:00.0,5810,9,4600,2020-02-20 00:00:00.0,160,2020-03-01 00:00:00.0
5337,2017-01-01 00:00:00.0,4810,26,4600,2017-02-24 00:00:00.0,101,2017-03-02 00:00:00.0
5338,2019-08-09 00:00:00.0,4810,26,4600,2019-09-04 00:00:00.0,400,2019-09-18 00:00:00.0
5339,2018-11-28 00:00:00.0,8810,40,4600,2019-02-13 00:00:00.0,160,2019-02-22 00:00:00.0
5420,2018-03-07 00:00:00.0,040,40,5600,2018-04-15 00:00:00.0,101,2018-04-26 00:00:00.0
5426,2020-02-21 00:00:00.0,024,24,5700,2020-05-01 00:00:00.0,100,2020-05-07 00:00:00.0
5427,2017-11-08 00:00:00.0,028,28,5700,2017-12-30 00:00:00.0,170,2018-01-06 00:00:00.0
5428,2018-03-29 00:00:00.0,032,32,5700,2018-06-07 00:00:00.0,400,2018-06-21 00:00:00.0
5429,2017-10-22 00:00:00.0,037,37,5700,2018-01-07 00:00:00.0,200,2018-01-17 00:00:00.0
5430,2020-02-15 00:00:00.0,037,37,5700,2020-04-17 00:00:00.0,400,2020-04-27 00:00:00.0
5436,2019-08-21 00:00:00.0,040,40,5700,2019-10-09 00:00:00.0,150,2019-10-20 00:00:00.0
5437,2017-04-02 00:00:00.0,8750,40,4100,2017-05-13 00:00:00.0,700,2017-05-18 00:00:00.0
5438,2019-01-16 00:00:00.0,1750,21,4100,2019-02-27 00:00:00.0,501,2019-03-03 00:00:00.0
5439,2017-11-22 00:00:00.0,4750,25,4100,2018-02-03 00:00:00.0,501,2018-02-15 00:00:00.0
5480,2020-02-12 00:00:00.0,8710,40,3600,2020-03-21 00:00:00.0,400,2020-03-26 00:00:00.0
5486,2020-04-17 00:00:00.0,6710,37,3500,2020-06-05 00:00:00.0,501,2020-06-12 00:00:00.0
5487,2019-09-18 00:00:00.0,7720,7,4300,2019-11-21 00:00:00.0,400,2019-12-01 00:00:00.0
5488,2020-01-16 00:00:00.0,7720,29,4300,2020-04-09 00:00:00.0,151,2020-04-16 00:00:00.0
5489,2018-12-19 00:00:00.0,5720,31,4300,2019-02-13 00:00:00.0,150,2019-02-16 00:00:00.0
5490,2018-01-21 00:00:00.0,6720,37,4300,2018-02-21 00:00:00.0,151,2018-03-04 00:00:00.0
5496,2018-02-25 00:00:00.0,4720,28,4400,2018-03-30 00:00:00.0,100,2018-04-11 00:00:00.0
5497,2020-04-30 00:00:00.0,4720,28,4400,2020-06-08 00:00:00.0,300,2020-06-18 00:00:00.0
5498,2018-02-01 00:00:00.0,7720,29,4400,2018-02-28 00:00:00.0,200,2018-03-09 00:00:00.0
5499,2019-06-05 00:00:00.0,4720,32,4400,2019-07-03 00:00:00.0,800,2019-07-10 00:00:00.0
5585,2020-07-02 00:00:00.0,4720,25,4300,0001-01-01 00:00:00.0,900,2020-09-10 00:00:00.0
5591,2020-07-23 00:00:00.0,1810,30,4800,0001-01-01 00:00:00.0,900,2020-08-27 00:00:00.0
5592,2020-07-27 00:00:00.0,1810,30,4800,0001-01-01 00:00:00.0,900,2020-08-27 00:00:00.0
5593,2020-07-23 00:00:00.0,1810,21,4800,0001-01-01 00:00:00.0,900,2020-08-27 00:00:00.0
5594,2020-07-03 00:00:00.0,7810,7,4800,0001-01-01 00:00:00.0,900,2020-08-06 00:00:00.0
5595,2020-07-06 00:00:00.0,8810,40,4800,2020-07-30 00:00:00.0,101,2020-08-06 00:00:00.0
5601,2020-07-16 00:00:00.0,1820,30,5100,0001-01-01 00:00:00.0,900,2020-08-27 00:00:00.0
5602,2020-07-02 00:00:00.0,1820,30,5100,2020-07-27 00:00:00.0,200,2020-08-06 00:00:00.0
5603,2020-06-25 00:00:00.0,6820,14,5100,2020-07-31 00:00:00.0,200,2020-08-06 00:00:00.0
5604,2020-06-28 00:00:00.0,7820,39,5100,2020-07-30 00:00:00.0,300,2020-08-06 00:00:00.0
5521,2018-04-13 00:00:00.0,4760,34,3200,2018-05-27 00:00:00.0,101,2018-06-07 00:00:00.0
5522,2018-05-18 00:00:00.0,7760,39,3200,2018-07-01 00:00:00.0,100,2018-07-07 00:00:00.0
5523,2018-04-20 00:00:00.0,8760,40,3200,2018-05-16 00:00:00.0,500,2018-05-30 00:00:00.0
5524,2017-03-05 00:00:00.0,5810,15,5800,2017-04-16 00:00:00.0,400,2017-04-23 00:00:00.0
5525,2018-12-12 00:00:00.0,5810,15,5800,2019-01-11 00:00:00.0,501,2019-01-20 00:00:00.0
5221,2018-11-07 00:00:00.0,6740,6,2400,2018-11-23 00:00:00.0,101,2018-12-06 00:00:00.0
5222,2017-12-03 00:00:00.0,7740,7,2400,2017-12-28 00:00:00.0,200,2018-01-07 00:00:00.0
5223,2019-03-10 00:00:00.0,5740,15,2400,2019-04-04 00:00:00.0,200,2019-04-11 00:00:00.0
5224,2020-01-01 00:00:00.0,5740,15,2400,2020-02-21 00:00:00.0,800,2020-02-27 00:00:00.0
5225,2020-02-02 00:00:00.0,5740,15,2400,2020-03-14 00:00:00.0,100,2020-03-27 00:00:00.0
5261,2020-05-07 00:00:00.0,6740,38,2600,2020-05-28 00:00:00.0,200,2020-06-05 00:00:00.0
5262,2017-08-20 00:00:00.0,8740,40,2600,2017-09-20 00:00:00.0,101,2017-10-01 00:00:00.0
5263,2017-10-04 00:00:00.0,8740,40,2600,2017-11-03 00:00:00.0,200,2017-11-15 00:00:00.0
5264,2018-11-14 00:00:00.0,8740,40,2600,2018-12-14 00:00:00.0,700,2018-12-20 00:00:00.0
5265,2018-12-15 00:00:00.0,8740,40,2600,2019-01-12 00:00:00.0,100,2019-01-26 00:00:00.0
5266,2019-02-14 00:00:00.0,8740,40,2600,2019-03-08 00:00:00.0,200,2019-03-21 00:00:00.0
5267,2019-07-31 00:00:00.0,8740,40,2600,2019-09-01 00:00:00.0,800,2019-09-13 00:00:00.0
5268,2019-01-11 00:00:00.0,5740,15,2300,2019-03-23 00:00:00.0,501,2019-04-03 00:00:00.0
5269,2017-09-13 00:00:00.0,5730,9,3900,2017-10-18 00:00:00.0,700,2017-10-29 00:00:00.0
5270,2018-11-22 00:00:00.0,6730,14,3900,2018-12-21 00:00:00.0,160,2018-12-27 00:00:00.0
5281,2018-08-05 00:00:00.0,040,40,5400,2018-09-29 00:00:00.0,501,2018-10-10 00:00:00.0
5282,2018-12-05 00:00:00.0,4740,28,2100,2018-12-30 00:00:00.0,700,2019-01-05 00:00:00.0
5283,2020-03-06 00:00:00.0,5760,15,3400,2020-04-05 00:00:00.0,200,2020-04-13 00:00:00.0
5284,2018-05-05 00:00:00.0,6760,23,3400,2018-06-08 00:00:00.0,700,2018-06-20 00:00:00.0
5285,2020-01-22 00:00:00.0,6760,23,3400,2020-02-23 00:00:00.0,101,2020-03-05 00:00:00.0
5286,2018-03-01 00:00:00.0,4760,28,3400,2018-04-04 00:00:00.0,101,2018-04-12 00:00:00.0
5287,2018-12-30 00:00:00.0,4760,28,3400,2019-01-26 00:00:00.0,300,2019-02-02 00:00:00.0
5288,2019-07-18 00:00:00.0,7760,39,3400,2019-08-16 00:00:00.0,151,2019-08-23 00:00:00.0
5289,2019-03-01 00:00:00.0,8760,40,3400,2019-04-03 00:00:00.0,800,2019-04-17 00:00:00.0
5290,2019-12-04 00:00:00.0,8760,40,3400,2019-12-26 00:00:00.0,101,2020-01-04 00:00:00.0
5311,2019-04-07 00:00:00.0,7820,29,5100,2019-05-03 00:00:00.0,101,2019-05-17 00:00:00.0
5312,2017-04-02 00:00:00.0,1820,30,5100,2017-04-27 00:00:00.0,700,2017-05-11 00:00:00.0
5313,2019-09-18 00:00:00.0,4820,32,5100,2019-10-16 00:00:00.0,300,2019-10-25 00:00:00.0
5314,2019-04-25 00:00:00.0,4820,33,5100,2019-05-11 00:00:00.0,700,2019-05-25 00:00:00.0
5315,2018-04-04 00:00:00.0,6820,35,5100,2018-04-19 00:00:00.0,300,2018-05-03 00:00:00.0
5321,2017-02-06 00:00:00.0,8820,40,5100,2017-02-26 00:00:00.0,700,2017-03-10 00:00:00.0
5322,2017-03-22 00:00:00.0,8820,40,5100,2017-04-26 00:00:00.0,400,2017-04-30 00:00:00.0
5323,2017-12-07 00:00:00.0,8820,40,5100,2018-01-10 00:00:00.0,200,2018-01-20 00:00:00.0
5324,2018-03-17 00:00:00.0,8820,40,5100,2018-04-11 00:00:00.0,500,2018-04-19 00:00:00.0
5325,2019-12-19 00:00:00.0,8820,40,5100,2020-01-17 00:00:00.0,700,2020-01-23 00:00:00.0
5331,2017-11-08 00:00:00.0,4800,28,5300,2018-02-08 00:00:00.0,100,2018-02-18 00:00:00.0
5332,2017-08-02 00:00:00.0,8740,40,1900,2017-10-01 00:00:00.0,101,2017-10-06 00:00:00.0
5333,2020-02-05 00:00:00.0,6740,37,2000,2020-03-23 00:00:00.0,400,2020-04-03 00:00:00.0
5334,2018-02-22 00:00:00.0,8740,40,2000,2018-03-28 00:00:00.0,800,2018-04-04 00:00:00.0
5335,2018-12-16 00:00:00.0,5810,9,4600,2019-01-20 00:00:00.0,400,2019-01-30 00:00:00.0
5341,2017-12-31 00:00:00.0,6730,14,3800,2018-02-24 00:00:00.0,160,2018-03-07 00:00:00.0
5342,2019-09-12 00:00:00.0,8730,40,3800,2019-11-02 00:00:00.0,150,2019-11-14 00:00:00.0
5343,2017-05-21 00:00:00.0,5730,15,3800,2017-07-06 00:00:00.0,501,2017-07-12 00:00:00.0
5344,2018-01-31 00:00:00.0,6730,6,4000,2018-03-07 00:00:00.0,101,2018-03-15 00:00:00.0
5345,2020-01-18 00:00:00.0,6730,6,4000,2020-02-19 00:00:00.0,800,2020-03-01 00:00:00.0
5391,2017-08-16 00:00:00.0,040,40,5500,2017-09-22 00:00:00.0,100,2017-10-04 00:00:00.0
5392,2017-11-15 00:00:00.0,040,40,5500,2018-01-03 00:00:00.0,100,2018-01-10 00:00:00.0
5393,2018-08-23 00:00:00.0,040,40,5500,2018-10-10 00:00:00.0,151,2018-10-18 00:00:00.0
5394,2019-03-27 00:00:00.0,040,40,5500,2019-05-04 00:00:00.0,800,2019-05-10 00:00:00.0
5395,2019-03-30 00:00:00.0,040,40,5500,2019-05-10 00:00:00.0,100,2019-05-22 00:00:00.0
5401,2019-05-24 00:00:00.0,007,7,5600,2019-06-19 00:00:00.0,100,2019-06-27 00:00:00.0
5402,2019-12-13 00:00:00.0,009,9,5600,2020-01-12 00:00:00.0,500,2020-01-23 00:00:00.0
5403,2018-12-12 00:00:00.0,013,13,5600,2018-12-29 00:00:00.0,100,2019-01-12 00:00:00.0
5404,2020-03-05 00:00:00.0,013,13,5600,2020-04-09 00:00:00.0,200,2020-04-18 00:00:00.0
5405,2017-11-19 00:00:00.0,021,21,5600,2017-12-09 00:00:00.0,500,2017-12-22 00:00:00.0
5451,2020-03-09 00:00:00.0,8750,40,4200,2020-05-24 00:00:00.0,800,2020-06-05 00:00:00.0
5452,2020-01-24 00:00:00.0,6740,6,2200,2020-02-20 00:00:00.0,400,2020-03-06 00:00:00.0
5453,2018-03-21 00:00:00.0,7740,7,2200,2018-05-12 00:00:00.0,101,2018-05-17 00:00:00.0
5454,2020-02-01 00:00:00.0,5740,9,2200,2020-03-06 00:00:00.0,200,2020-03-19 00:00:00.0
5455,2019-12-18 00:00:00.0,6740,14,2200,2020-02-07 00:00:00.0,101,2020-02-12 00:00:00.0
5461,2018-07-29 00:00:00.0,4740,33,2200,2018-09-02 00:00:00.0,200,2018-09-12 00:00:00.0
5462,2018-08-12 00:00:00.0,4740,34,2200,2018-09-12 00:00:00.0,101,2018-09-20 00:00:00.0
5463,2019-04-17 00:00:00.0,6740,37,2200,2019-05-25 00:00:00.0,500,2019-06-06 00:00:00.0
5464,2018-09-30 00:00:00.0,6740,38,2200,2018-11-07 00:00:00.0,151,2018-11-15 00:00:00.0
5465,2018-06-10 00:00:00.0,8740,40,2200,2018-07-04 00:00:00.0,200,2018-07-12 00:00:00.0
5511,2020-01-23 00:00:00.0,5760,9,3300,2020-04-09 00:00:00.0,160,2020-04-19 00:00:00.0
5512,2017-08-23 00:00:00.0,7760,29,3300,2017-11-08 00:00:00.0,800,2017-11-16 00:00:00.0
5513,2019-10-12 00:00:00.0,7760,29,3300,2020-01-01 00:00:00.0,151,2020-01-10 00:00:00.0
5514,2017-10-19 00:00:00.0,4760,32,3300,2017-12-14 00:00:00.0,200,2017-12-20 00:00:00.0
5515,2018-05-02 00:00:00.0,4760,34,3300,2018-07-22 00:00:00.0,160,2018-07-29 00:00:00.0
5526,2018-07-13 00:00:00.0,1810,30,5800,2018-08-09 00:00:00.0,501,2018-08-19 00:00:00.0
5527,2017-05-20 00:00:00.0,6810,38,5800,2017-06-30 00:00:00.0,501,2017-07-09 00:00:00.0
5528,2017-11-08 00:00:00.0,4810,28,4700,2018-01-28 00:00:00.0,170,2018-02-08 00:00:00.0
5529,2018-11-15 00:00:00.0,5810,15,4700,2019-01-11 00:00:00.0,501,2019-01-20 00:00:00.0
5530,2017-05-11 00:00:00.0,4810,26,4700,2017-06-16 00:00:00.0,501,2017-06-29 00:00:00.0
5596,2020-07-13 00:00:00.0,5810,15,4800,0001-01-01 00:00:00.0,900,2020-08-13 00:00:00.0
5597,2020-07-09 00:00:00.0,4810,28,4800,0001-01-01 00:00:00.0,900,2020-08-20 00:00:00.0
5598,2020-07-09 00:00:00.0,4810,26,4800,0001-01-01 00:00:00.0,900,2020-08-20 00:00:00.0
5599,2020-07-30 00:00:00.0,1820,17,5100,0001-01-01 00:00:00.0,900,2020-08-27 00:00:00.0
5600,2020-07-23 00:00:00.0,1820,17,5100,0001-01-01 00:00:00.0,900,2020-08-27 00:00:00.0
5606,2020-07-09 00:00:00.0,5820,15,5100,0001-01-01 00:00:00.0,900,2020-08-13 00:00:00.0
5607,2020-07-30 00:00:00.0,4820,32,5100,0001-01-01 00:00:00.0,900,2020-09-03 00:00:00.0
5608,2020-06-20 00:00:00.0,021,21,5500,2020-07-27 00:00:00.0,700,2020-08-06 00:00:00.0
5609,2020-06-28 00:00:00.0,030,30,5500,2020-07-31 00:00:00.0,200,2020-08-06 00:00:00.0
5610,2020-07-06 00:00:00.0,024,24,5500,2020-07-30 00:00:00.0,151,2020-08-06 00:00:00.0
5295,2020-04-04 00:00:00.0,8820,40,5000,2020-05-17 00:00:00.0,500,2020-05-24 00:00:00.0
5306,2020-02-12 00:00:00.0,1820,24,5100,2020-03-20 00:00:00.0,151,2020-03-26 00:00:00.0
5307,2020-05-23 00:00:00.0,1820,24,5100,2020-06-14 00:00:00.0,101,2020-06-22 00:00:00.0
5308,2017-02-18 00:00:00.0,4820,25,5100,2017-03-09 00:00:00.0,800,2017-03-23 00:00:00.0
5309,2018-03-07 00:00:00.0,4820,28,5100,2018-04-05 00:00:00.0,500,2018-04-19 00:00:00.0
5310,2019-08-04 00:00:00.0,4820,28,5100,2019-08-31 00:00:00.0,200,2019-09-06 00:00:00.0
5316,2019-01-30 00:00:00.0,6820,37,5100,2019-02-27 00:00:00.0,101,2019-03-09 00:00:00.0
5317,2020-04-11 00:00:00.0,6820,37,5100,2020-05-07 00:00:00.0,500,2020-05-14 00:00:00.0
5318,2019-04-25 00:00:00.0,6820,38,5100,2019-05-17 00:00:00.0,700,2019-05-29 00:00:00.0
5319,2017-07-19 00:00:00.0,7820,39,5100,2017-08-04 00:00:00.0,300,2017-08-16 00:00:00.0
5400,2018-03-04 00:00:00.0,007,7,5600,2018-03-28 00:00:00.0,300,2018-04-05 00:00:00.0
5406,2017-02-17 00:00:00.0,024,24,5600,2017-04-12 00:00:00.0,101,2017-04-16 00:00:00.0
5407,2018-02-09 00:00:00.0,026,26,5600,2018-03-07 00:00:00.0,200,2018-03-15 00:00:00.0
5408,2017-11-08 00:00:00.0,028,28,5600,2017-12-29 00:00:00.0,170,2018-01-06 00:00:00.0
5409,2017-11-09 00:00:00.0,028,28,5600,2017-12-27 00:00:00.0,170,2018-01-06 00:00:00.0
5410,2019-03-06 00:00:00.0,028,28,5600,2019-04-17 00:00:00.0,101,2019-04-25 00:00:00.0
5416,2020-03-05 00:00:00.0,039,39,5600,2020-04-23 00:00:00.0,300,2020-04-30 00:00:00.0
5417,2017-08-16 00:00:00.0,040,40,5600,2017-09-09 00:00:00.0,100,2017-09-17 00:00:00.0
5418,2019-08-14 00:00:00.0,8820,40,5100,2019-09-18 00:00:00.0,500,2019-09-22 00:00:00.0
5419,2018-03-01 00:00:00.0,040,40,5600,2018-04-11 00:00:00.0,300,2018-04-15 00:00:00.0
5500,2019-05-01 00:00:00.0,4720,33,4400,2019-05-17 00:00:00.0,300,2019-05-30 00:00:00.0
5506,2017-02-25 00:00:00.0,5700,15,4500,2017-04-02 00:00:00.0,400,2017-04-15 00:00:00.0
5507,2017-01-13 00:00:00.0,4700,34,4500,2017-02-16 00:00:00.0,500,2017-02-23 00:00:00.0
5508,2018-11-28 00:00:00.0,5700,15,4500,2019-01-16 00:00:00.0,501,2019-01-20 00:00:00.0
5509,2018-01-24 00:00:00.0,7800,39,5200,2018-03-25 00:00:00.0,501,2018-04-05 00:00:00.0
5510,2017-10-08 00:00:00.0,5760,9,3300,2017-11-11 00:00:00.0,800,2017-11-19 00:00:00.0
5516,2017-04-27 00:00:00.0,6760,35,3300,2017-07-07 00:00:00.0,500,2017-07-15 00:00:00.0
5517,2017-07-12 00:00:00.0,8760,40,3300,2017-09-06 00:00:00.0,700,2017-09-15 00:00:00.0
5518,2019-11-15 00:00:00.0,8760,40,3300,2019-12-25 00:00:00.0,800,2020-01-02 00:00:00.0
5519,2019-09-27 00:00:00.0,5760,15,3200,2019-11-06 00:00:00.0,100,2019-11-14 00:00:00.0
5625,2020-06-21 00:00:00.0,040,40,5700,0001-01-01 00:00:00.0,900,2020-08-13 00:00:00.0
5631,2018-04-01 00:00:00.0,4820,28,5100,2018-05-18 00:00:00.0,101,2018-05-30 00:00:00.0
5632,2018-08-02 00:00:00.0,4820,28,5100,2018-09-05 00:00:00.0,100,2018-09-12 00:00:00.0
5633,2017-06-29 00:00:00.0,4820,33,5100,2017-08-05 00:00:00.0,101,2017-08-16 00:00:00.0
5634,2017-06-28 00:00:00.0,4820,33,5100,2017-07-29 00:00:00.0,700,2017-08-16 00:00:00.0
5635,2017-12-02 00:00:00.0,4820,33,5100,2018-01-21 00:00:00.0,100,2018-02-07 00:00:00.0
5271,2018-02-07 00:00:00.0,013,13,5400,2018-03-14 00:00:00.0,150,2018-03-22 00:00:00.0
5272,2017-10-25 00:00:00.0,014,14,5400,2017-12-15 00:00:00.0,800,2017-12-20 00:00:00.0
5273,2017-11-08 00:00:00.0,028,28,5400,2017-12-27 00:00:00.0,500,2018-01-04 00:00:00.0
5274,2017-10-25 00:00:00.0,037,37,5400,2017-12-30 00:00:00.0,200,2018-01-06 00:00:00.0
5275,2018-01-13 00:00:00.0,039,39,5400,2018-03-29 00:00:00.0,700,2018-04-05 00:00:00.0
5276,2019-11-13 00:00:00.0,028,28,5400,2020-01-11 00:00:00.0,501,2020-01-25 00:00:00.0
5277,2018-09-05 00:00:00.0,029,29,5400,2018-11-14 00:00:00.0,501,2018-11-21 00:00:00.0
5278,2018-10-28 00:00:00.0,032,32,5400,2018-12-19 00:00:00.0,501,2018-12-30 00:00:00.0
5279,2017-11-22 00:00:00.0,038,38,5400,2017-12-22 00:00:00.0,501,2018-01-03 00:00:00.0
5280,2019-12-25 00:00:00.0,038,38,5400,2020-02-19 00:00:00.0,501,2020-02-27 00:00:00.0
5636,2019-04-24 00:00:00.0,4820,28,5100,2019-06-13 00:00:00.0,700,2019-06-19 00:00:00.0
5241,2017-09-21 00:00:00.0,1740,17,2500,2017-11-01 00:00:00.0,700,2017-11-09 00:00:00.0
5242,2019-02-14 00:00:00.0,4740,25,2500,2019-03-13 00:00:00.0,151,2019-03-21 00:00:00.0
5243,2019-05-15 00:00:00.0,7740,29,2500,2019-06-20 00:00:00.0,700,2019-06-29 00:00:00.0
5244,2017-12-10 00:00:00.0,5740,31,2500,2018-01-06 00:00:00.0,160,2018-01-14 00:00:00.0
5245,2019-12-05 00:00:00.0,4740,33,2500,2020-01-22 00:00:00.0,160,2020-02-01 00:00:00.0
5291,2018-02-14 00:00:00.0,5820,9,5000,2018-03-28 00:00:00.0,400,2018-04-05 00:00:00.0
5292,2019-07-13 00:00:00.0,5820,9,5000,2019-08-28 00:00:00.0,101,2019-09-04 00:00:00.0
5293,2019-03-01 00:00:00.0,5820,15,5000,2019-03-29 00:00:00.0,200,2019-04-12 00:00:00.0
5294,2019-01-23 00:00:00.0,6820,37,5000,2019-02-23 00:00:00.0,101,2019-03-01 00:00:00.0
5360,2018-03-29 00:00:00.0,6760,6,3100,2018-05-30 00:00:00.0,501,2018-06-10 00:00:00.0
5366,2018-02-17 00:00:00.0,017,17,5500,2018-03-14 00:00:00.0,100,2018-03-22 00:00:00.0
5367,2017-04-01 00:00:00.0,023,23,5500,2017-04-26 00:00:00.0,151,2017-05-03 00:00:00.0
5368,2018-07-05 00:00:00.0,024,24,5500,2018-07-27 00:00:00.0,500,2018-08-10 00:00:00.0
5369,2020-01-17 00:00:00.0,025,25,5500,2020-02-26 00:00:00.0,500,2020-03-09 00:00:00.0
5370,2019-02-08 00:00:00.0,026,26,5500,2019-03-20 00:00:00.0,100,2019-03-27 00:00:00.0
5376,2020-02-15 00:00:00.0,029,29,5500,2020-03-29 00:00:00.0,400,2020-04-09 00:00:00.0
5377,2017-01-19 00:00:00.0,030,30,5500,2017-03-10 00:00:00.0,400,2017-03-15 00:00:00.0
5378,2019-01-16 00:00:00.0,030,30,5500,2019-02-16 00:00:00.0,800,2019-02-22 00:00:00.0
5379,2018-02-25 00:00:00.0,031,31,5500,2018-03-16 00:00:00.0,700,2018-03-28 00:00:00.0
5460,2017-11-29 00:00:00.0,1740,30,2200,2017-12-14 00:00:00.0,300,2017-12-28 00:00:00.0
5466,2018-07-14 00:00:00.0,8740,40,2200,2018-08-12 00:00:00.0,151,2018-08-22 00:00:00.0
5467,2020-02-15 00:00:00.0,5710,15,3700,2020-03-06 00:00:00.0,100,2020-03-19 00:00:00.0
5468,2019-12-18 00:00:00.0,4710,26,3700,2020-01-15 00:00:00.0,151,2020-01-22 00:00:00.0
5469,2017-02-23 00:00:00.0,4710,32,3700,2017-03-31 00:00:00.0,800,2017-04-06 00:00:00.0
5470,2018-01-05 00:00:00.0,4710,34,3700,2018-01-31 00:00:00.0,100,2018-02-09 00:00:00.0
5476,2020-05-14 00:00:00.0,8710,40,3700,2020-06-04 00:00:00.0,700,2020-06-14 00:00:00.0
5477,2019-11-10 00:00:00.0,5710,31,3600,2019-12-29 00:00:00.0,100,2020-01-05 00:00:00.0
5478,2018-01-11 00:00:00.0,6710,37,3600,2018-02-14 00:00:00.0,100,2018-02-24 00:00:00.0
5479,2018-06-22 00:00:00.0,6710,37,3600,2018-07-25 00:00:00.0,500,2018-08-05 00:00:00.0
5545,2018-04-20 00:00:00.0,4810,28,4800,2018-05-12 00:00:00.0,200,2018-05-23 00:00:00.0
5551,2017-04-27 00:00:00.0,6810,38,4800,2017-05-31 00:00:00.0,200,2017-06-09 00:00:00.0
5552,2017-10-15 00:00:00.0,6810,38,4800,2017-11-19 00:00:00.0,800,2017-11-24 00:00:00.0
5553,2018-01-25 00:00:00.0,6810,38,4800,2018-02-24 00:00:00.0,300,2018-03-07 00:00:00.0
5554,2018-02-01 00:00:00.0,6810,38,4800,2018-03-07 00:00:00.0,101,2018-03-16 00:00:00.0
5555,2018-03-04 00:00:00.0,6810,38,4800,2018-04-12 00:00:00.0,300,2018-04-18 00:00:00.0
5561,2020-07-23 00:00:00.0,1730,24,3900,0001-01-01 00:00:00.0,900,2020-08-27 00:00:00.0
5562,2020-07-03 00:00:00.0,6710,37,3600,0001-01-01 00:00:00.0,900,2020-08-27 00:00:00.0
5563,2020-07-02 00:00:00.0,6810,14,4800,0001-01-01 00:00:00.0,900,2020-08-13 00:00:00.0
5564,2020-07-23 00:00:00.0,7820,39,5100,0001-01-01 00:00:00.0,900,2020-08-27 00:00:00.0
